,energyConsumption,ms,tx_power_median,ECL_median,Location Coverage,energyConsumptionTx,msTx,duration,interval,psize,tau,Throughput
1075,4.191700000000027,24244.249,-210.0,0.0,1.0,0.0331000000000472,152.251,3600,60.0,128,10010100.0,6725.735791554735
1076,4.1875,24611.25,-220.0,0.0,1.0,0.03489999999999327,175.99900000000005,3600,60.0,128,10010100.0,5818.214876220887
1077,4.193100000000015,24532.001,-230.0,0.0,1.0,0.06279999999998154,334.25,3600,60.0,128,10010100.0,3063.57516828721
1078,4.176899999999988,23990.751,-230.0,0.0,1.0,0.061099999999953525,334.751,3600,60.0,128,10010100.0,3058.990115040732
1079,4.188699999999983,24293.75,-220.0,0.0,1.0,0.06200000000001182,334.5,3600,60.0,128,10010100.0,3061.285500747384
1080,4.168099999999981,24244.75,-220.0,0.0,1.0,0.044899999999984175,225.25,3600,60.0,128,10010100.0,4546.059933407325
1081,4.197300000000041,24551.499,-220.0,1.0,1.0,0.060899999999946886,334.5,3600,60.0,128,10010100.0,3061.285500747384
1082,4.204099999999983,24501.0,-220.0,1.0,1.0,0.06299999999998818,335.251,3600,60.0,128,10010100.0,3054.427876426916
1083,4.170900000000017,24182.999,-230.0,0.0,1.0,0.03570000000001984,177.24900000000005,3600,60.0,128,10010100.0,5777.18351020316
1084,4.184099999999944,24069.251,-230.0,0.0,1.0,0.03540000000003829,160.501,3600,60.0,128,10010100.0,6380.022554376607
1085,4.194099999999992,24394.0,-240.0,0.0,1.0,0.034400000000005086,157.749,3600,60.0,128,10010100.0,6491.3248261478675
1087,4.1900999999999735,24633.75,-240.0,0.0,1.0,0.03570000000001984,178.0,3600,60.0,128,10010100.0,5752.808988764045
1088,4.198500000000024,24518.25,-220.0,0.0,1.0,0.06470000000001619,334.25,3600,60.0,128,10010100.0,3063.57516828721
1089,4.182199999999966,23992.751,-220.0,0.0,1.0,0.03409999999996671,153.251,3600,60.0,128,10010100.0,6681.848731819042
1090,4.18689999999998,24278.751,-220.0,0.0,1.0,0.061699999999973436,333.999,3600,60.0,128,10010100.0,3065.8774427468347
1091,4.173499999999991,24110.001,-220.0,1.0,1.0,0.062299999999936524,334.501,3600,60.0,128,10010100.0,3061.2763489496297
1092,4.1895000000000095,24413.999,-200.0,0.0,1.0,0.0625,334.499,3600,60.0,128,10010100.0,3061.2946525998577
1093,4.175799999999981,24366.75,-210.0,0.0,1.0,0.03630000000003975,178.00099999999995,3600,60.0,128,10010100.0,5752.776669793991
1094,4.2192999999999765,24790.999,-200.0,1.0,1.0,0.06270000000000664,334.5,3600,60.0,128,10010100.0,3061.285500747384
1095,4.177999999999997,23946.751,-210.0,1.0,1.0,0.06349999999997635,334.499,3600,60.0,128,10010100.0,3061.2946525998577
1096,4.176800000000013,24315.249,-210.0,0.0,1.0,0.03590000000002646,178.00099999999995,3600,60.0,128,10010100.0,5752.776669793991
1098,4.1976999999999975,24571.25,-210.0,1.0,1.0,0.061699999999973436,334.501,3600,60.0,128,10010100.0,3061.2763489496297
1099,4.193899999999985,24528.501,-220.0,1.0,1.0,0.03540000000003829,165.25099999999995,3600,60.0,128,10010100.0,6196.634210988133
1100,4.1942000000000235,24808.25,-210.0,0.0,1.0,0.03480000000001837,175.99900000000005,3600,60.0,128,10010100.0,5818.214876220887
1101,4.02679999999998,24257.999,-220.0,1.0,1.0,0.15409999999997126,672.0,3600,60.0,128,10010100.0,1523.8095238095239
1102,4.184700000000022,24181.0,-220.0,0.0,1.0,0.03580000000005157,156.25,3600,60.0,128,10010100.0,6553.6
1103,4.03249999999997,24571.499,-220.0,0.0,1.0,0.05020000000001802,211.25,3600,60.0,128,10010100.0,4847.337278106509
1104,4.192299999999989,24491.25,-190.0,1.0,1.0,0.061800000000005184,334.499,3600,60.0,128,10010100.0,3061.2946525998577
1105,4.188199999999995,24217.751,-210.0,0.0,1.0,0.03570000000001984,175.99900000000005,3600,60.0,128,10010100.0,5818.214876220887
1106,4.187400000000025,24136.499,-210.0,1.0,1.0,0.061299999999960164,334.5,3600,60.0,128,10010100.0,3061.285500747384
1107,4.039299999999969,24649.001,-220.0,0.0,1.0,0.05000000000001137,210.751,3600,60.0,128,10010100.0,4858.814430299262
1108,4.215399999999988,24374.25,-210.0,0.0,1.0,0.034499999999979984,158.0,3600,60.0,128,10010100.0,6481.012658227848
1109,4.189300000000003,24710.999,-210.0,0.0,1.0,0.03550000000001319,178.0,3600,60.0,128,10010100.0,5752.808988764045
1110,4.1831000000000245,24161.999,-220.0,1.0,1.0,0.06309999999996307,335.5,3600,60.0,128,10010100.0,3052.1609538002976
1112,4.1952,24384.251,-220.0,0.0,1.0,0.03609999999997626,161.999,3600,60.0,128,10010100.0,6321.026673004155
1113,4.177999999999997,24305.751,-220.0,1.0,1.0,0.035799999999994725,178.0,3600,60.0,128,10010100.0,5752.808988764045
1114,4.037599999999999,24592.751,-220.0,0.0,1.0,0.04939999999999145,209.75,3600,60.0,128,10010100.0,4882.002383790225
1116,4.173499999999991,24238.75,-220.0,0.0,1.0,0.03580000000005157,178.0,3600,60.0,128,10010100.0,5752.808988764045
1117,4.19440000000003,24121.751,-220.0,0.0,1.0,0.03539999999998145,155.749,3600,60.0,128,10010100.0,6574.681057342264
1118,4.201000000000022,24463.749,-220.0,1.0,1.0,0.06369999999998299,334.25,3600,60.0,128,10010100.0,3063.57516828721
1119,4.192600000000027,24396.25,-230.0,0.0,1.0,0.06509999999997262,335.5,3600,60.0,128,10010100.0,3052.1609538002976
1120,4.204399999999963,24780.75,-230.0,0.0,1.0,0.03540000000003829,178.0,3600,60.0,128,10010100.0,5752.808988764045
1121,4.184799999999996,24219.25,-230.0,0.0,1.0,0.06470000000001619,334.749,3600,60.0,128,10010100.0,3059.008391361886
1122,4.191100000000007,24182.499,-240.0,1.0,1.0,0.06319999999999483,335.25,3600,60.0,128,10010100.0,3054.436987322893
1123,4.206999999999994,24487.249,-230.0,0.0,1.0,0.03530000000000655,155.5,3600,60.0,128,10010100.0,6585.209003215435
1124,4.175299999999994,24405.999,-240.0,0.0,1.0,0.03500000000002501,177.25,3600,60.0,128,10010100.0,5777.150916784203
1125,4.211599999999976,24710.749,-230.0,0.0,1.0,0.06340000000000147,335.5,3600,60.0,128,10010100.0,3052.1609538002976
1126,4.193399999999997,23988.499,-230.0,0.0,1.0,0.06290000000001328,334.0,3600,60.0,128,10010100.0,3065.8682634730544
1128,4.1875,24122.0,-220.0,0.0,1.0,0.03540000000003829,155.75,3600,60.0,128,10010100.0,6574.638844301767
1129,4.183299999999973,24594.75,-200.0,1.0,1.0,0.06320000000005166,334.499,3600,60.0,128,10010100.0,3061.2946525998577
1130,4.247500000000001,24510.501,-230.0,0.0,1.0,0.034300000000030195,153.25,3600,60.0,128,10010100.0,6681.892332789561
1131,4.164500000000031,23997.499,-210.0,0.0,1.0,0.035599999999988086,178.0,3600,60.0,128,10010100.0,5752.808988764045
1132,4.186199999999985,24285.25,-210.0,1.0,1.0,0.0625999999999749,334.5,3600,60.0,128,10010100.0,3061.285500747384
1133,4.178699999999935,24218.75,-210.0,0.0,1.0,0.06199999999995497,332.5,3600,60.0,128,10010100.0,3079.699248120301
1315,2.3248000000000104,23360.749,-230.0,0.0,1.0,0.02159999999997808,156.25,3600,60.0,128,10010100.0,6553.6
1316,2.3186000000000035,23121.251,-230.0,0.0,1.0,0.02299999999999613,151.749,3600,60.0,128,10010100.0,6747.985159704513
1317,2.3287999999999727,23658.0,-220.0,0.0,1.0,0.021199999999993224,151.249,3600,60.0,128,10010100.0,6770.292696150057
1318,2.31479999999999,23330.499,-220.0,0.0,1.0,0.022499999999979536,177.25099999999995,3600,60.0,128,10010100.0,5777.1183237330115
1319,2.3115999999999985,23090.25,-220.0,0.0,1.0,0.022500000000007958,160.251,3600,60.0,128,10010100.0,6389.975725580495
1320,2.3138000000000147,23141.749,-200.0,0.0,1.0,0.021199999999993224,148.25,3600,60.0,128,10010100.0,6907.2512647554795
1321,2.311700000000002,23320.75,-210.0,0.0,1.0,0.025000000000005684,177.24900000000005,3600,60.0,128,10010100.0,5777.18351020316
1322,2.327399999999983,23340.75,-210.0,0.0,1.0,0.020900000000011687,149.25,3600,60.0,128,10010100.0,6860.9715242881075
1323,2.3205999999999847,23572.999,-170.0,0.0,1.0,0.020999999999986585,149.501,3600,60.0,128,10010100.0,6849.452512023331
1324,2.3238999999999805,23638.5,-170.0,0.0,1.0,0.021099999999989905,151.249,3600,60.0,128,10010100.0,6770.292696150057
1325,2.310500000000019,22927.0,-170.0,0.0,1.0,0.022099999999994683,173.00099999999995,3600,60.0,128,10010100.0,5919.0409303992465
1326,2.3284999999999907,23421.5,-170.0,0.0,1.0,0.022199999999998,157.5,3600,60.0,128,10010100.0,6501.587301587301
1327,2.3187999999999818,23181.251,-170.0,0.0,1.0,0.021199999999993224,117.001,3600,60.0,128,10010100.0,8752.061948188477
1328,2.3309000000000144,23702.25,-120.0,1.0,1.0,0.022099999999994683,151.5,3600,60.0,128,10010100.0,6759.075907590759
1329,2.3188000000000097,23618.249,-180.0,0.0,1.0,0.022099999999994683,173.5,3600,60.0,128,10010100.0,5902.017291066281
1330,2.3187999999999818,23140.25,-180.0,0.0,1.0,0.02189999999998804,151.5,3600,60.0,128,10010100.0,6759.075907590759
1331,2.3161999999999807,23138.0,-160.0,1.0,1.0,0.022199999999998,151.249,3600,60.0,128,10010100.0,6770.292696150057
1332,2.5485000000000184,23470.0,-180.0,0.0,1.0,0.022400000000004642,175.99900000000005,3600,60.0,128,10010100.0,5818.214876220887
1333,2.334000000000003,23480.5,-170.0,0.0,1.0,0.02199999999999136,153.25,3600,60.0,128,10010100.0,6681.892332789561
1334,2.31310000000002,22934.0,-180.0,0.0,1.0,0.021900000000016462,151.749,3600,60.0,128,10010100.0,6747.985159704513
1335,2.327100000000001,23331.501,-180.0,0.0,1.0,0.021800000000013142,151.249,3600,60.0,128,10010100.0,6770.292696150057
1336,2.3136000000000085,23091.25,-170.0,0.0,1.0,0.02230000000000132,173.75099999999995,3600,60.0,128,10010100.0,5893.491260481956
1337,2.3292000000000144,23632.5,-180.0,0.0,1.0,0.022500000000007958,148.5,3600,60.0,128,10010100.0,6895.622895622895
1338,2.3174999999999955,23295.751,-150.0,0.0,1.0,0.022699999999986176,160.499,3600,60.0,128,10010100.0,6380.102056710633
1339,2.313299999999998,23088.5,-180.0,0.0,1.0,0.022099999999994683,175.25,3600,60.0,128,10010100.0,5843.081312410843
1340,2.3274000000000115,23303.5,-180.0,0.0,1.0,0.020800000000008367,148.251,3600,60.0,128,10010100.0,6907.20467315566
1341,2.319500000000005,23334.75,-180.0,0.0,1.0,0.02299999999999613,151.5,3600,60.0,128,10010100.0,6759.075907590759
1342,2.3210000000000264,23247.499,-190.0,0.0,1.0,0.021299999999996544,148.999,3600,60.0,128,10010100.0,6872.529345834536
1343,2.321199999999976,23594.25,-180.0,0.0,1.0,0.02230000000000132,176.00099999999995,3600,60.0,128,10010100.0,5818.148760518407
1344,2.3262000000000285,23300.0,-180.0,0.0,1.0,0.021600000000006503,151.5,3600,60.0,128,10010100.0,6759.075907590759
1345,2.3178000000000054,22977.25,-160.0,0.0,1.0,0.02200000000001978,153.499,3600,60.0,128,10010100.0,6671.053231617144
1346,2.327200000000005,23499.751,-160.0,0.0,1.0,0.023099999999999454,152.249,3600,60.0,128,10010100.0,6725.824143344127
1347,2.316599999999994,23265.25,-150.0,0.0,1.0,0.022400000000004642,173.75,3600,60.0,128,10010100.0,5893.525179856115
1348,2.311000000000007,23090.25,-180.0,0.0,1.0,0.020600000000001728,149.251,3600,60.0,128,10010100.0,6860.925554937655
1349,2.3189999999999884,23114.751,-170.0,0.0,1.0,0.021700000000009826,151.5,3600,60.0,128,10010100.0,6759.075907590759
1350,2.315199999999976,23224.999,-190.0,0.0,1.0,0.023600000000016053,178.50099999999995,3600,60.0,128,10010100.0,5736.6625397056605
1351,2.3315999999999804,23310.75,-180.0,0.0,1.0,0.020700000000005048,148.501,3600,60.0,128,10010100.0,6895.576460764572
1352,2.323100000000011,23508.25,-180.0,0.0,1.0,0.021799999999984717,151.251,3600,60.0,128,10010100.0,6770.203172210431
1353,2.3254999999999773,23483.5,-180.0,0.0,1.0,0.021099999999989905,149.0,3600,60.0,128,10010100.0,6872.48322147651
1354,2.3071999999999946,22858.751,-150.0,0.0,1.0,0.022599999999982856,176.74900000000005,3600,60.0,128,10010100.0,5793.526413162167
1355,2.326300000000004,23406.25,-180.0,0.0,1.0,0.02159999999997808,152.499,3600,60.0,128,10010100.0,6714.798129823803
1356,2.31910000000002,23125.251,-170.0,0.0,1.0,0.019000000000005457,105.0,3600,60.0,128,10010100.0,9752.380952380952
1357,2.333399999999984,23687.0,-170.0,0.0,1.0,0.021500000000003183,147.751,3600,60.0,128,10010100.0,6930.579150056514
1358,2.315700000000021,23346.5,-170.0,0.0,1.0,0.02200000000001978,173.74900000000005,3600,60.0,128,10010100.0,5893.559099620717
1359,2.3111000000000104,23094.751,-170.0,0.0,1.0,0.022099999999966258,157.499,3600,60.0,128,10010100.0,6501.628581768773
1361,2.312799999999981,23415.499,-180.0,0.0,1.0,0.02260000000001128,176.49900000000005,3600,60.0,128,10010100.0,5801.732587720043
1362,2.314399999999978,23196.75,-160.0,0.0,1.0,0.021399999999971442,165.24900000000005,3600,60.0,128,10010100.0,6196.709208527735
1364,2.3566999999999894,23824.499,-150.0,1.0,1.0,0.0676000000000272,306.751,3600,60.0,128,10010100.0,3338.212426365358
1365,2.3061999999999903,22977.0,-150.0,0.0,1.0,0.022299999999972897,176.50099999999995,3600,60.0,128,10010100.0,5801.666846080193
1366,2.32729999999998,23529.751,-150.0,0.0,1.0,0.02199999999999136,157.25,3600,60.0,128,10010100.0,6511.923688394278
1367,2.3136000000000085,23230.749,-120.0,1.0,1.0,0.021700000000009826,147.749,3600,60.0,128,10010100.0,6930.672965637668
1368,2.3108000000000293,23086.999,-160.0,0.0,1.0,0.022299999999972897,176.75099999999995,3600,60.0,128,10010100.0,5793.460857364315
1369,2.3289999999999518,23237.75,-130.0,0.0,1.0,0.021099999999989905,149.499,3600,60.0,128,10010100.0,6849.544144107987
1370,2.314700000000016,23214.999,-160.0,1.0,1.0,0.020800000000008367,148.249,3600,60.0,128,10010100.0,6907.297856983859
1371,2.31529999999998,23144.0,-160.0,1.0,1.0,0.021099999999989905,151.499,3600,60.0,128,10010100.0,6759.120522247672
1372,2.3180000000000405,23477.75,-140.0,0.0,1.0,0.022299999999972897,176.50099999999995,3600,60.0,128,10010100.0,5801.666846080193
1373,2.3378999999999905,23583.0,-170.0,0.0,1.0,0.022199999999998,152.75,3600,60.0,128,10010100.0,6703.764320785597
1374,2.308400000000006,22928.75,-150.0,0.0,1.0,0.022400000000004642,151.5,3600,60.0,128,10010100.0,6759.075907590759
1375,2.314700000000016,22955.501,-120.0,1.0,1.0,0.031799999999975626,256.0,3600,60.0,256,10010100.0,8000.0
1377,3.934599999999989,37590.251,-160.0,1.0,1.0,0.03050000000001773,213.5,3600,60.0,256,10010100.0,9592.505854800937
1378,2.3118000000000047,22923.999,-150.0,0.0,1.0,0.037100000000009466,302.999,3600,60.0,256,10010100.0,6759.098214845593
1379,2.338300000000004,23606.001,-170.0,0.0,1.0,0.030399999999985994,214.75,3600,60.0,256,10010100.0,9536.670547147847
1380,2.320500000000038,23187.999,-170.0,0.0,1.0,0.030399999999985994,211.751,3600,60.0,256,10010100.0,9671.737087428159
1381,2.315899999999999,22619.75,-150.0,0.0,1.0,0.027899999999988268,172.75,3600,60.0,256,10010100.0,11855.282199710564
1382,2.310099999999977,22565.249,-170.0,0.0,1.0,0.03159999999996898,253.75,3600,60.0,256,10010100.0,8070.935960591133
1383,2.328300000000013,23494.25,-170.0,0.0,1.0,0.02960000000001628,211.75,3600,60.0,256,10010100.0,9671.782762691852
1384,2.3210000000000264,22822.0,-180.0,0.0,1.0,0.01890000000003056,104.251,3600,60.0,256,10010100.0,19644.895492609183
1385,2.3140999999999963,22854.25,-170.0,0.0,1.0,0.03520000000003165,280.0,3600,60.0,256,10010100.0,7314.285714285716
1386,2.317700000000002,23059.0,-160.0,0.0,1.0,0.03860000000003083,304.001,3600,60.0,256,10010100.0,6736.819944671235
1387,2.315399999999954,22773.5,-160.0,0.0,1.0,0.030399999999985994,214.75,3600,60.0,256,10010100.0,9536.670547147847
1388,2.315900000000056,22694.249,-170.0,1.0,1.0,0.018100000000004,103.999,3600,60.0,256,10010100.0,19692.4970432408
1389,2.3156999999999925,23033.0,-170.0,0.0,1.0,0.03190000000000737,254.501,3600,60.0,256,10010100.0,8047.1196576830735
1390,2.338899999999967,23677.751,-160.0,0.0,1.0,0.02999999999997272,211.75,3600,60.0,256,10010100.0,9671.782762691852
1391,2.308400000000006,22481.0,-150.0,0.0,1.0,0.03089999999997417,215.25,3600,60.0,256,10010100.0,9514.51800232288
1392,2.323699999999974,23444.749,-150.0,1.0,1.0,0.03150000000005093,212.25,3600,60.0,256,10010100.0,9648.998822143698
1393,2.313400000000001,22775.501,-220.0,0.0,1.0,0.031999999999982265,256.001,3600,60.0,256,10010100.0,7999.9687501220715
1394,2.3319000000000187,23705.75,-220.0,0.0,1.0,0.030399999999985994,212.25,3600,60.0,256,10010100.0,9648.998822143698
1395,2.3182999999999647,22997.249,-150.0,0.0,1.0,0.030000000000029562,212.499,3600,60.0,256,10010100.0,9637.692412670176
1396,2.309199999999976,22707.751,-150.0,0.0,1.0,0.032100000000014006,254.75,3600,60.0,256,10010100.0,8039.254170755643
1397,2.3275000000000428,22777.75,-190.0,0.0,1.0,0.030000000000029562,212.499,3600,60.0,256,10010100.0,9637.692412670176
1398,2.3190999999999917,22998.25,-180.0,0.0,1.0,0.041200000000003456,296.249,3600,60.0,256,10010100.0,6913.103504146849
1399,2.3181000000000163,23494.249,-240.0,0.0,1.0,0.03029999999995425,213.749,3600,60.0,256,10010100.0,9581.331374649704
1400,2.3163999999999882,23257.75,-230.0,0.0,1.0,0.03190000000000737,254.0,3600,60.0,256,10010100.0,8062.992125984251
1401,2.3238000000000056,23299.249,-230.0,0.0,1.0,0.03050000000001773,214.5,3600,60.0,256,10010100.0,9547.785547785548
1402,2.3145999999999844,22614.25,-230.0,0.0,1.0,0.03260000000000218,218.999,3600,60.0,256,10010100.0,9351.640875072488
1403,2.3266000000000417,23564.001,-230.0,0.0,1.0,0.030700000000024374,215.25,3600,60.0,256,10010100.0,9514.51800232288
1404,2.3115000000000236,22888.251,-230.0,0.0,1.0,0.03160000000002583,254.001,3600,60.0,256,10010100.0,8062.9603820457405
1405,2.312400000000025,23090.501,-230.0,0.0,1.0,0.029599999999959437,209.751,3600,60.0,256,10010100.0,9763.958217124116
1406,2.3139999999999645,22495.25,-220.0,0.0,1.0,0.030499999999960888,215.75,3600,60.0,256,10010100.0,9492.468134414832
1407,2.3109000000000037,22822.751,-240.0,0.0,1.0,0.031700000000000735,255.999,3600,60.0,256,10010100.0,8000.031250122071
1408,2.3205999999999563,23278.999,-240.0,0.0,1.0,0.028999999999996362,170.25099999999995,3600,60.0,256,10010100.0,12029.297918954957
1409,2.317000000000008,23080.75,-230.0,0.0,1.0,0.030100000000004457,213.5,3600,60.0,256,10010100.0,9592.505854800937
1410,2.3269999999999977,23580.25,-240.0,0.0,1.0,0.02949999999998454,210.75,3600,60.0,256,10010100.0,9717.67497034401
1411,2.309600000000046,22575.249,-230.0,0.0,1.0,0.03250000000002728,257.749,3600,60.0,256,10010100.0,7945.714629348708
1412,2.3256999999999834,23432.001,-230.0,0.0,1.0,0.026299999999992,164.0,3600,60.0,256,10010100.0,12487.804878048779
1413,2.3152000000000044,22719.0,-220.0,0.0,1.0,0.02999999999997272,212.25,3600,60.0,256,10010100.0,9648.998822143698
1414,2.329599999999971,23685.5,-230.0,0.0,1.0,0.030499999999960888,216.75,3600,60.0,256,10010100.0,9448.673587081892
1415,2.318399999999997,23055.5,-230.0,0.0,1.0,0.032100000000014006,256.251,3600,60.0,256,10010100.0,7992.163933018799
1416,2.3104999999999905,22706.25,-230.0,0.0,1.0,0.030700000000024374,218.25,3600,60.0,256,10010100.0,9383.734249713629
1417,2.3138000000000147,22536.001,-230.0,0.0,1.0,0.030000000000029562,211.501,3600,60.0,256,10010100.0,9683.169346717035
1418,2.308499999999981,22874.249,-240.0,0.0,1.0,0.016599999999982632,112.5,3600,60.0,256,10010100.0,18204.44444444444
1419,2.330000000000041,23381.749,-210.0,0.0,1.0,0.029899999999997817,209.001,3600,60.0,256,10010100.0,9798.996177051786
1420,2.337999999999965,22763.249,-220.0,0.0,1.0,0.02960000000001628,211.0,3600,60.0,256,10010100.0,9706.161137440758
1422,2.3333000000000084,23769.251,-210.0,0.0,1.0,0.03050000000001773,214.249,3600,60.0,256,10010100.0,9558.971103715769
1423,2.311200000000042,23068.25,-200.0,0.0,1.0,0.031999999999982265,255.251,3600,60.0,256,10010100.0,8023.474932517404
1424,2.3279,23415.75,-200.0,0.0,1.0,0.029899999999997817,210.0,3600,60.0,256,10010100.0,9752.380952380952
1425,2.31529999999998,22742.751,-190.0,0.0,1.0,0.030700000000024374,216.249,3600,60.0,256,10010100.0,9470.564025729598
1426,2.332400000000007,23673.751,-210.0,0.0,1.0,0.029499999999927695,209.75,3600,60.0,256,10010100.0,9764.00476758045
1427,2.3185000000000286,22964.999,-200.0,0.0,1.0,0.032399999999995543,257.25,3600,60.0,256,10010100.0,7961.127308066084
1428,2.3111000000000104,22704.749,-220.0,0.0,1.0,0.02980000000002292,212.5,3600,60.0,256,10010100.0,9637.64705882353
1429,2.314500000000009,22538.5,-220.0,0.0,1.0,0.030399999999985994,214.751,3600,60.0,256,10010100.0,9536.626139109947
1430,2.313000000000045,22874.751,-220.0,0.0,1.0,0.033999999999991815,256.0,3600,60.0,256,10010100.0,8000.0
1431,2.3321000000000254,23380.501,-210.0,0.0,1.0,0.03029999999995425,211.751,3600,60.0,256,10010100.0,9671.737087428159
1432,2.3181999999999903,23112.5,-210.0,0.0,1.0,0.02960000000001628,210.749,3600,60.0,256,10010100.0,9717.721080527072
1433,2.329900000000009,23612.5,-190.0,0.0,1.0,0.029899999999997817,212.75,3600,60.0,256,10010100.0,9626.321974148059
1434,2.306899999999928,22549.5,-210.0,0.0,1.0,0.03140000000001919,255.75,3600,60.0,256,10010100.0,8007.820136852395
1435,2.3301999999999907,23493.249,-200.0,0.0,1.0,0.030499999999960888,216.25,3600,60.0,256,10010100.0,9470.520231213875
2276,4.191599999999993,23980.249,-220.0,1.0,1.0,0.047899999999970085,214.249,3600,60.0,256,10010100.0,9558.971103715769
2277,4.189899999999966,24230.5,-210.0,0.0,1.0,0.050399999999967804,254.25,3600,60.0,256,10010100.0,8055.063913470993
2278,4.183500000000096,23754.75,-220.0,0.0,1.0,0.04860000000007858,219.001,3600,60.0,256,10010100.0,9351.555472349442
2280,4.190600000000018,23962.25,-210.0,1.0,1.0,0.04819999999995162,215.75,3600,60.0,256,10010100.0,9492.468134414832
2282,17.81119999999998,93727.751,-220.0,0.0,1.0,13.745300000000045,69374.74900000001,3600,60.0,256,10010100.0,29.52082752760661
2283,4.162199999999984,23778.999,-220.0,0.0,1.0,0.0504999999999427,256.0,3600,60.0,256,10010100.0,8000.0
2285,4.167999999999894,23987.249,-220.0,0.0,1.0,0.047000000000025466,221.75,3600,60.0,256,10010100.0,9235.625704622322
2286,4.308200000000056,24527.001,-210.0,0.0,1.0,0.04809999999997672,215.0,3600,60.0,256,10010100.0,9525.581395348838
2289,4.168900000000009,23668.0,-230.0,0.0,1.0,0.050399999999967804,255.999,3600,60.0,256,10010100.0,8000.031250122071
2290,4.197499999999991,24003.75,-250.0,0.0,1.0,0.0484000000000151,215.001,3600,60.0,256,10010100.0,9525.537090525162
2293,4.182199999999966,23588.749,-240.0,0.0,1.0,0.07709999999997308,399.501,3600,60.0,256,10010100.0,5126.3951779845365
2295,4.175200000000018,23845.749,-240.0,0.0,1.0,0.0481000000000904,219.001,3600,60.0,256,10010100.0,9351.555472349442
2297,4.194299999999998,24071.5,-230.0,0.0,1.0,0.048599999999964894,220.249,3600,60.0,256,10010100.0,9298.566622322916
2301,4.196000000000026,24076.75,-230.0,0.0,1.0,0.07619999999997162,399.75,3600,60.0,256,10010100.0,5123.202001250782
2302,4.189300000000003,23982.751,-230.0,1.0,1.0,0.07789999999999964,400.5,3600,60.0,256,10010100.0,5113.607990012484
2303,4.199699999999893,24304.25,-250.0,0.0,1.0,0.07749999999998636,414.5,3600,60.0,256,10010100.0,4940.892641737032
2305,4.176300000000083,23950.0,-230.0,0.0,1.0,0.04819999999995162,226.5,3600,60.0,256,10010100.0,9041.942604856513
2306,4.198600000000056,23841.5,-230.0,0.0,1.0,0.07629999999994652,399.499,3600,60.0,256,10010100.0,5126.420842104736
2308,4.192200000000072,24079.5,-230.0,0.0,1.0,0.07600000000002183,400.001,3600,60.0,256,10010100.0,5119.987200032
2310,4.183200000000056,23832.5,-220.0,0.0,1.0,0.07789999999999964,400.501,3600,60.0,256,10010100.0,5113.595221984465
2314,4.170200000000023,23774.001,-220.0,0.0,1.0,0.05129999999996926,257.999,3600,60.0,256,10010100.0,7938.015263625052
2315,4.182300000000056,23663.25,-230.0,0.0,1.0,0.07609999999999673,399.75,3600,60.0,256,10010100.0,5123.202001250782
2316,4.184300000000008,23987.25,-220.0,0.0,1.0,0.07749999999998636,400.5,3600,60.0,256,10010100.0,5113.607990012484
2317,4.1889999999999645,23871.249,-200.0,0.0,1.0,0.07789999999999964,399.501,3600,60.0,256,10010100.0,5126.3951779845365
2318,4.177900000000022,24210.751,-230.0,0.0,1.0,0.05110000000001946,258.001,3600,60.0,256,10010100.0,7937.953728861517
2319,4.1977000000000535,24145.501,-230.0,0.0,1.0,0.07629999999994652,399.75,3600,60.0,256,10010100.0,5123.202001250782
2320,4.18240000000003,23617.749,-240.0,1.0,1.0,0.07789999999999964,399.75,3600,60.0,256,10010100.0,5123.202001250782
2321,4.189699999999903,23934.75,-240.0,0.0,1.0,0.04790000000002692,218.25,3600,60.0,256,10010100.0,9383.734249713629
2322,4.179100000000062,23843.25,-240.0,0.0,1.0,0.050700000000006185,256.751,3600,60.0,256,10010100.0,7976.599896397678
2323,4.211500000000001,24148.501,-250.0,0.0,1.0,0.07730000000003656,400.0,3600,60.0,256,10010100.0,5120.0
2324,4.2059000000000415,24099.75,-260.0,0.0,1.0,0.07600000000002183,395.249,3600,60.0,256,10010100.0,5181.5437863220395
2326,4.181100000000015,23686.25,-250.0,0.0,1.0,0.07749999999998636,399.75,3600,60.0,256,10010100.0,5123.202001250782
2328,4.197400000000016,23943.25,-240.0,0.0,1.0,0.047800000000052016,213.749,3600,60.0,256,10010100.0,9581.331374649704
2330,4.201500000000009,24169.0,-240.0,0.0,1.0,0.04849999999999,215.75,3600,60.0,256,10010100.0,9492.468134414832
2331,4.193899999999985,23624.499,-250.0,1.0,1.0,0.0766999999999598,397.5,3600,60.0,256,10010100.0,5152.201257861635
2332,4.1889999999999645,23926.25,-240.0,0.0,1.0,0.07820000000003803,412.499,3600,60.0,256,10010100.0,4964.86052087399
3095,2.3921519999999994,24157.5,-210.0,0.0,1.0,0.08337599999999945,410.501,3600,60.0,20,10010100.0,389.7676254138236
3096,2.31645,23055.251,-190.0,0.0,1.0,0.014290999999999162,97.999,3600,60.0,20,10010100.0,1632.6697211196033
3097,2.3047560000000002,22951.75,-180.0,0.0,1.0,0.01407799999999959,102.251,3600,60.0,20,10010100.0,1564.7768725978228
3098,2.32818,23420.251,-190.0,0.0,1.0,0.015669999999998296,100.501,3600,60.0,20,10010100.0,1592.0239599605973
3099,2.314280000000002,23160.25,-240.0,0.0,1.0,0.01360000000000028,99.0,3600,60.0,20,10010100.0,1616.1616161616162
3100,2.331430000000001,23657.501,-200.0,0.0,1.0,0.014299999999998647,96.25,3600,60.0,20,10010100.0,1662.3376623376623
3101,2.3161099999999983,23657.0,-210.0,0.0,1.0,0.01470000000000127,104.5,3600,60.0,20,10010100.0,1531.1004784688996
3102,2.31241,23159.501,-200.0,0.0,1.0,0.014659999999995675,99.249,3600,60.0,20,10010100.0,1612.1069229916675
3103,2.31945,23308.0,-200.0,0.0,1.0,0.014980000000001326,102.251,3600,60.0,20,10010100.0,1564.7768725978228
3105,2.3313,23532.751,-210.0,0.0,1.0,0.014949999999998909,100.001,3600,60.0,20,10010100.0,1599.9840001599982
3106,2.3203700000000005,23659.75,-200.0,0.0,1.0,0.014539999999996668,99.001,3600,60.0,20,10010100.0,1616.1452914617025
3107,2.319229999999997,23114.5,-210.0,0.0,1.0,0.014530000000000596,98.749,3600,60.0,20,10010100.0,1620.2695723501001
3108,2.3061799999999977,23049.249,-200.0,0.0,1.0,0.013809999999992328,101.751,3600,60.0,20,10010100.0,1572.466118269108
3109,2.331310000000002,23601.0,-190.0,0.0,1.0,0.01594000000000051,99.5,3600,60.0,20,10010100.0,1608.0402010050254
3110,2.3181199999999933,23316.0,-210.0,0.0,1.0,0.014459999999999697,99.249,3600,60.0,20,10010100.0,1612.1069229916675
3111,2.311959999999999,23089.499,-200.0,0.0,1.0,0.015799999999998704,105.999,3600,60.0,20,10010100.0,1509.4482023415314
3112,2.3270400000000038,23257.25,-200.0,0.0,1.0,0.014110000000002287,100.75,3600,60.0,20,10010100.0,1588.0893300248142
3113,2.3158600000000007,23240.499,-180.0,0.0,1.0,0.015109999999999957,108.249,3600,60.0,20,10010100.0,1478.0737004498885
3114,2.322650000000003,23367.249,-170.0,0.0,1.0,0.01565000000000083,98.749,3600,60.0,20,10010100.0,1620.2695723501001
3115,2.31918000000001,23549.0,-190.0,0.0,1.0,0.014249999999996987,103.75,3600,60.0,20,10010100.0,1542.1686746987953
3116,2.323440000000012,23411.251,-190.0,0.0,1.0,0.014619999999993638,104.001,3600,60.0,20,10010100.0,1538.446745704368
3117,2.312809999999999,22926.499,-110.0,1.0,1.0,0.013989999999999723,99.499,3600,60.0,20,10010100.0,1608.056362375501
3118,2.3265600000000006,23403.75,-150.0,0.0,1.0,0.013910000000002752,96.251,3600,60.0,20,10010100.0,1662.3203914764524
3119,2.312320000000007,23207.75,-180.0,0.0,1.0,0.014169999999992909,101.749,3600,60.0,20,10010100.0,1572.4970269978085
3120,2.3137999999999863,23053.25,-190.0,0.0,1.0,0.01403999999999428,99.251,3600,60.0,20,10010100.0,1612.0744375371532
3121,2.3159299999999803,23131.001,-190.0,0.0,1.0,0.014579999999995152,105.251,3600,60.0,20,10010100.0,1520.1755802795221
3122,2.3138100000000184,23195.75,-200.0,0.0,1.0,0.01541000000001702,105.5,3600,60.0,20,10010100.0,1516.5876777251185
3123,2.331040000000016,23482.499,-200.0,0.0,1.0,0.0146000000000015,99.25,3600,60.0,20,10010100.0,1612.0906801007557
3124,2.317380000000014,23432.25,-200.0,0.0,1.0,0.01566000000001111,99.5,3600,60.0,20,10010100.0,1608.0402010050254
3125,2.3227800000000087,23369.75,-200.0,0.0,1.0,0.015489999999999782,106.501,3600,60.0,20,10010100.0,1502.3333114243055
3126,2.315330000000017,23356.499,-190.0,0.0,1.0,0.014439999999979138,104.751,3600,60.0,20,10010100.0,1527.4317190289353
3127,2.323660000000004,23304.25,-200.0,0.0,1.0,0.01411999999999125,97.5,3600,60.0,20,10010100.0,1641.0256410256409
3128,2.31429,23143.25,-200.0,0.0,1.0,0.01480000000000814,102.499,3600,60.0,20,10010100.0,1560.9908389350144
3129,2.3264800000000037,23640.751,-170.0,0.0,1.0,0.01444000000000756,102.249,3600,60.0,20,10010100.0,1564.8074797797535
3130,2.3150699999999915,23671.749,-195.0,0.0,1.0,0.01478000000000179,104.749,3600,60.0,20,10010100.0,1527.4608826814574
3131,2.312039999999996,23142.75,-230.0,0.0,1.0,0.015119999999996026,100.501,3600,60.0,20,10010100.0,1592.0239599605973
3132,2.31635,23290.499,-215.0,0.0,1.0,0.01366000000000156,95.75,3600,60.0,20,10010100.0,1671.0182767624021
3133,2.311639999999997,23405.501,-230.0,0.0,1.0,0.01528000000000418,102.499,3600,60.0,20,10010100.0,1560.9908389350144
3134,2.3336199999999963,23526.5,-210.0,0.0,1.0,0.014940000000009944,105.249,3600,60.0,20,10010100.0,1520.204467500879
3135,2.3160999999999916,23369.25,-220.0,0.0,1.0,0.015600000000006276,109.0,3600,60.0,20,10010100.0,1467.8899082568807
3136,2.322100000000006,23180.0,-210.0,0.0,1.0,0.01429999999999154,96.25,3600,60.0,20,10010100.0,1662.3376623376623
3137,2.3055999999999983,23047.499,-220.0,0.0,1.0,0.014700000000004819,104.25,3600,60.0,20,10010100.0,1534.7721822541969
3138,2.328000000000003,23575.25,-215.0,0.0,1.0,0.01450000000001239,98.5,3600,60.0,20,10010100.0,1624.3654822335025
3139,2.316500000000005,23320.25,-210.0,0.0,1.0,0.01439999999999486,96.25,3600,60.0,20,10010100.0,1662.3376623376623
3141,2.327399999999997,23299.5,-215.0,0.0,1.0,0.015299999999996315,100.501,3600,60.0,20,10010100.0,1592.0239599605973
3142,2.312600000000004,23301.999,-210.0,0.0,1.0,0.014499999999998181,97.499,3600,60.0,20,10010100.0,1641.0424722304847
3143,2.3194000000000017,23365.5,-230.0,0.0,1.0,0.015299999999996315,97.749,3600,60.0,20,10010100.0,1636.8453897226568
3144,2.317999999999998,23592.999,-200.0,0.0,1.0,0.013800000000003363,101.751,3600,60.0,20,10010100.0,1572.466118269108
3145,2.3267000000000166,23290.5,-230.0,0.0,1.0,0.015000000000000568,108.0,3600,60.0,20,10010100.0,1481.4814814814815
3146,2.312000000000012,22980.249,-220.0,0.0,1.0,0.01429999999999154,96.249,3600,60.0,20,10010100.0,1662.354933557751
3147,2.329800000000006,23557.75,-215.0,0.0,1.0,0.0146000000000015,105.251,3600,60.0,20,10010100.0,1520.1755802795221
3148,2.3100000000000023,23219.749,-210.0,0.0,1.0,0.016099999999994452,105.5,3600,60.0,20,10010100.0,1516.5876777251185
3149,2.3104999999999905,23037.75,-210.0,0.0,1.0,0.014199999999988222,97.501,3600,60.0,20,10010100.0,1641.0088101660494
3150,2.322900000000004,23659.0,-210.0,0.0,1.0,0.013900000000006685,102.251,3600,60.0,20,10010100.0,1564.7768725978228
3151,2.312100000000015,23132.0,-200.0,0.0,1.0,0.015000000000014781,105.751,3600,60.0,20,10010100.0,1512.9880568505262
3152,2.3313,23388.5,-205.0,0.0,1.0,0.015200000000021419,107.75,3600,60.0,20,10010100.0,1484.9187935034802
3153,2.316599999999994,23385.751,-210.0,0.0,1.0,0.016099999999994452,98.749,3600,60.0,20,10010100.0,1620.2695723501001
3154,2.3218999999999994,23364.5,-230.0,0.0,1.0,0.01480000000000814,102.501,3600,60.0,20,10010100.0,1560.960380874333
3721,4.195800000000077,24060.251,-230.0,0.0,1.0,0.08339999999998328,426.5,3600,60.0,512,10010100.0,9603.75146541618
3722,4.189500000000066,23806.5,-230.0,0.0,1.0,0.10659999999995763,533.75,3600,60.0,512,10010100.0,7674.00468384075
3723,4.184000000000083,23742.25,-240.0,0.0,1.0,0.07880000000000109,356.0,3600,60.0,512,10010100.0,11505.61797752809
3724,4.183199999999943,24079.0,-240.0,0.0,1.0,0.0806999999999789,392.0,3600,60.0,512,10010100.0,10448.979591836733
3725,4.196499999999902,23951.75,-230.0,1.0,1.0,0.10599999999999454,533.5,3600,60.0,512,10010100.0,7677.600749765698
3726,4.190699999999879,24203.5,-230.0,0.0,1.0,0.08129999999994197,393.999,3600,60.0,512,10010100.0,10395.96547199358
3729,4.189500000000066,23939.499,-230.0,0.0,1.0,0.10750000000007276,534.75,3600,60.0,512,10010100.0,7659.654043945769
3730,4.184700000000022,23858.249,-230.0,0.0,1.0,0.10749999999995907,534.499,3600,60.0,512,10010100.0,7663.251007017787
3731,4.254800000000047,25180.251,-230.0,0.0,1.0,0.09720000000004347,413.25,3600,60.0,512,10010100.0,9911.67574107683
3732,4.193700000000035,23508.501,-230.0,1.0,1.0,0.07820000000003803,353.25,3600,60.0,512,10010100.0,11595.187544232129
3733,4.1732999999999265,23866.499,-230.0,0.0,1.0,0.10460000000000493,530.251,3600,60.0,512,10010100.0,7724.643612176121
3735,4.193399999999997,24087.999,-240.0,0.0,1.0,0.080600000000004,394.0,3600,60.0,512,10010100.0,10395.939086294416
3736,4.197299999999927,23992.999,-240.0,0.0,1.0,0.07730000000003656,360.75,3600,60.0,512,10010100.0,11354.123354123354
3737,4.178099999999971,23496.5,-230.0,1.0,1.0,0.10669999999993253,533.0,3600,60.0,512,10010100.0,7684.803001876173
3738,4.185500000000047,23815.5,-240.0,0.0,1.0,0.10540000000003147,532.5,3600,60.0,512,10010100.0,7692.018779342723
3739,4.205199999999991,23738.751,-230.0,0.0,1.0,0.09759999999994308,473.5,3600,60.0,512,10010100.0,8650.475184794086
3740,4.2012999999999465,24075.751,-220.0,1.0,1.0,0.10570000000006984,533.75,3600,60.0,512,10010100.0,7674.00468384075
3741,4.19500000000005,23996.001,-240.0,0.0,1.0,0.1048000000000684,534.501,3600,60.0,512,10010100.0,7663.222332605552
3742,4.202599999999961,23871.5,-220.0,0.0,1.0,4.03959999999995,21276.751,3600,60.0,512,10010100.0,192.51059525018647
3743,4.18220000000008,23583.0,-230.0,0.0,1.0,0.07859999999993761,356.0,3600,60.0,512,10010100.0,11505.61797752809
3744,4.193599999999947,23922.501,-240.0,0.0,1.0,0.07789999999999964,350.75,3600,60.0,512,10010100.0,11677.833214540271
3745,4.204599999999914,23808.25,-220.0,1.0,1.0,0.07820000000003803,356.0,3600,60.0,512,10010100.0,11505.61797752809
3746,4.197699999999943,24162.001,-230.0,0.0,1.0,0.0807999999999538,394.0,3600,60.0,512,10010100.0,10395.939086294416
3748,4.17489999999998,23523.75,-240.0,0.0,1.0,0.1050000000000182,534.501,3600,60.0,512,10010100.0,7663.222332605552
3753,4.17999999999995,23782.249,-240.0,0.0,1.0,0.08029999999996562,394.0,3600,60.0,512,10010100.0,10395.939086294416
3754,4.193499999999972,23719.251,-220.0,0.0,1.0,0.10630000000003292,534.501,3600,60.0,512,10010100.0,7663.222332605552
3756,4.192800000000034,23961.0,-220.0,0.0,1.0,0.10570000000006984,531.001,3600,60.0,512,10010100.0,7713.733119146667
3757,4.181199999999991,23434.0,-220.0,1.0,1.0,0.08369999999990796,425.501,3600,60.0,512,10010100.0,9626.299350647823
3758,4.187900000000013,24083.999,-230.0,1.0,1.0,0.07760000000007494,348.751,3600,60.0,512,10010100.0,11744.769190625977
3759,4.1802000000000135,23691.501,-200.0,1.0,1.0,0.0766999999999598,350.001,3600,60.0,512,10010100.0,11702.823706217983
3760,4.251600000000053,24996.001,-230.0,0.0,1.0,0.0965000000001055,406.751,3600,60.0,512,10010100.0,10070.042851769264
3761,4.193700000000035,23905.501,-210.0,1.0,1.0,0.0826999999999316,423.25,3600,60.0,512,10010100.0,9677.495569994091
3762,4.206600000000093,24250.751,-220.0,0.0,1.0,0.10550000000000637,533.75,3600,60.0,512,10010100.0,7674.00468384075
3764,4.17489999999998,23809.5,-230.0,0.0,1.0,0.08139999999991687,394.5,3600,60.0,512,10010100.0,10382.762991128011
3765,4.190299999999978,23744.0,-230.0,0.0,1.0,0.1050000000000182,533.5,3600,60.0,512,10010100.0,7677.600749765698
3767,4.191900000000147,23969.5,-230.0,0.0,1.0,0.1066000000000713,533.499,3600,60.0,512,10010100.0,7677.615140796891
3769,4.187999999999988,23779.751,-230.0,0.0,1.0,0.10640000000000782,533.749,3600,60.0,512,10010100.0,7674.019061394026
3771,4.196399999999926,24004.5,-240.0,0.0,1.0,0.10590000000001963,533.5,3600,60.0,512,10010100.0,7677.600749765698
3772,4.199200000000019,23942.25,-250.0,0.0,1.0,0.08299999999996999,423.75,3600,60.0,512,10010100.0,9666.076696165192
3773,4.258199999999988,25334.501,-240.0,0.0,1.0,0.0964999999999918,407.5,3600,60.0,512,10010100.0,10051.533742331289
3774,4.180000000000064,23576.25,-230.0,0.0,1.0,0.1050000000000182,533.249,3600,60.0,512,10010100.0,7681.2145920573685
3775,4.183999999999969,23931.5,-230.0,0.0,1.0,0.08000000000004093,393.999,3600,60.0,512,10010100.0,10395.96547199358
3776,4.195999999999913,23817.999,-230.0,0.0,1.0,0.1050000000000182,533.499,3600,60.0,512,10010100.0,7677.615140796891
3777,4.1889999999999645,24156.501,-230.0,0.0,1.0,0.10700000000008457,534.25,3600,60.0,512,10010100.0,7666.822648572765
3778,4.197999999999865,24091.001,-220.0,0.0,1.0,0.07899999999995089,356.0,3600,60.0,512,10010100.0,11505.61797752809
3779,4.196000000000026,23548.001,-230.0,0.0,1.0,0.08500000000003638,426.749,3600,60.0,512,10010100.0,9598.14785740564
3780,4.1879999999998745,23853.501,-220.0,0.0,1.0,0.1069999999999709,533.75,3600,60.0,512,10010100.0,7674.00468384075
3781,4.226849199999998,25771.499,-220.0,0.0,1.0,0.023863100000000026,106.249,3600,60.0,20,10010100.0,1505.8965260849511
3782,4.1911239999999985,24676.75,-220.0,0.0,1.0,0.022355000000000125,103.499,3600,60.0,20,10010100.0,1545.9086561222814
3783,4.186422,24128.0,-220.0,1.0,1.0,0.04905199999999965,256.249,3600,60.0,20,10010100.0,624.3926805568021
3784,4.188889999999999,24079.5,-220.0,1.0,1.0,0.051209999999997535,257.0,3600,60.0,20,10010100.0,622.568093385214
3785,4.193449999999999,24384.251,-240.0,0.0,1.0,0.023270000000000124,103.25,3600,60.0,20,10010100.0,1549.636803874092
3786,4.179549999999999,24285.501,-230.0,0.0,1.0,0.023859999999999104,107.001,3600,60.0,20,10010100.0,1495.3131279146924
3787,4.211850000000002,24592.749,-220.0,0.0,1.0,0.051640000000002566,260.0,3600,60.0,20,10010100.0,615.3846153846154
3788,4.181580000000004,23919.249,-230.0,0.0,1.0,0.05065999999999704,254.249,3600,60.0,20,10010100.0,629.3043433799148
3789,4.180329999999998,24258.249,-220.0,0.0,1.0,0.02405999999999864,106.5,3600,60.0,20,10010100.0,1502.3474178403753
3790,4.192050000000002,24144.749,-210.0,0.0,1.0,0.021749999999997268,99.749,3600,60.0,20,10010100.0,1604.0261055248675
3791,4.191429999999997,24468.75,-210.0,0.0,1.0,0.023779999999995027,108.5,3600,60.0,20,10010100.0,1474.6543778801847
3792,4.183720000000001,24264.249,-210.0,1.0,1.0,0.04746000000000095,257.75,3600,60.0,20,10010100.0,620.7565470417071
3793,4.189689999999999,24726.25,-200.0,1.0,1.0,0.0317100000000039,153.501,3600,60.0,20,10010100.0,1042.3384863942254
3794,4.195209999999996,24208.001,-230.0,0.0,1.0,0.05370999999999526,271.5,3600,60.0,20,10010100.0,589.3186003683243
3795,4.1851099999999954,24068.25,-220.0,0.0,1.0,0.05060999999999183,259.251,3600,60.0,20,10010100.0,617.1625181773649
3796,4.198939999999993,24401.0,-220.0,0.0,1.0,0.02389999999999759,109.5,3600,60.0,20,10010100.0,1461.1872146118722
3797,4.178020000000018,24321.001,-230.0,0.0,1.0,0.023099999999999454,104.499,3600,60.0,20,10010100.0,1531.115130288328
3798,4.205030000000009,24534.499,-210.0,1.0,1.0,0.026849999999996044,133.0,3600,60.0,20,10010100.0,1203.0075187969926
3799,4.1809399999999926,24500.249,-230.0,0.0,1.0,0.022060000000010405,102.501,3600,60.0,20,10010100.0,1560.960380874333
3800,4.193019999999991,24286.0,-210.0,0.0,1.0,0.02222999999999331,103.501,3600,60.0,20,10010100.0,1545.8787837798666
3801,4.195219999999992,24204.75,-210.0,0.0,1.0,0.050550000000001205,259.251,3600,60.0,20,10010100.0,617.1625181773649
3802,4.181609999999992,24543.251,-220.0,0.0,1.0,0.05239999999999157,271.25,3600,60.0,20,10010100.0,589.8617511520738
3803,4.214979999999997,24429.0,-220.0,0.0,1.0,0.04952999999999008,256.251,3600,60.0,20,10010100.0,624.3878072670936
3804,4.192849999999994,24662.75,-220.0,0.0,1.0,0.022350000000002986,101.249,3600,60.0,20,10010100.0,1580.26252111132
3805,4.1839999999999975,24186.75,-220.0,1.0,1.0,0.02400000000000091,111.499,3600,60.0,20,10010100.0,1434.9904483448286
3806,4.292699999999996,24891.751,-220.0,0.0,1.0,0.02369999999999095,106.249,3600,60.0,20,10010100.0,1505.8965260849511
3807,4.034700000000001,24308.751,-220.0,1.0,1.0,0.03730000000000189,139.999,3600,60.0,20,10010100.0,1142.8653061807586
3808,4.184300000000008,24306.499,-230.0,0.0,1.0,0.02259999999999707,103.499,3600,60.0,20,10010100.0,1545.9086561222814
3809,4.215900000000005,24612.5,-220.0,0.0,1.0,0.05190000000000339,260.249,3600,60.0,20,10010100.0,614.795830147282
3810,4.197199999999995,24520.0,-220.0,1.0,1.0,0.05060000000001708,257.75,3600,60.0,20,10010100.0,620.7565470417071
3811,4.180000000000007,24211.25,-210.0,1.0,1.0,0.02359999999998763,106.251,3600,60.0,20,10010100.0,1505.8681800641875
3812,4.186700000000002,24083.75,-220.0,0.0,1.0,0.04939999999999145,254.0,3600,60.0,20,10010100.0,629.9212598425198
3813,4.193799999999982,24413.499,-240.0,1.0,1.0,0.050299999999992906,257.0,3600,60.0,20,10010100.0,622.568093385214
3814,4.192799999999977,24317.499,-230.0,0.0,1.0,0.05099999999998772,256.5,3600,60.0,20,10010100.0,623.7816764132554
3815,4.203699999999998,24640.5,-230.0,0.0,1.0,0.02389999999999759,106.25,3600,60.0,20,10010100.0,1505.8823529411764
3816,4.213699999999989,24528.001,-230.0,0.0,1.0,0.02409999999997581,109.501,3600,60.0,20,10010100.0,1461.17387055826
3817,4.198700000000001,24000.0,-230.0,0.0,1.0,0.02359999999998763,103.499,3600,60.0,20,10010100.0,1545.9086561222814
3818,4.197299999999984,24318.499,-230.0,0.0,1.0,0.023200000000002767,103.501,3600,60.0,20,10010100.0,1545.8787837798666
3819,4.178500000000014,24238.25,-230.0,0.0,1.0,0.023500000000012733,106.501,3600,60.0,20,10010100.0,1502.3333114243055
3820,4.201099999999997,24576.25,-220.0,0.0,1.0,0.050700000000006185,259.25,3600,60.0,20,10010100.0,617.1648987463838
3821,4.20089999999999,24496.5,-240.0,0.0,1.0,0.023099999999999454,106.251,3600,60.0,20,10010100.0,1505.8681800641875
3822,4.182799999999986,24227.251,-250.0,0.0,1.0,0.02400000000000091,106.499,3600,60.0,20,10010100.0,1502.361524521357
3823,4.190899999999999,24144.5,-230.0,0.0,1.0,0.05160000000000764,257.25,3600,60.0,20,10010100.0,621.9630709426627
3824,4.191599999999993,24485.75,-230.0,1.0,1.0,0.03319999999999368,153.749,3600,60.0,20,10010100.0,1040.6571750060164
3825,4.199600000000004,24371.251,-230.0,0.0,1.0,0.02230000000000132,100.499,3600,60.0,20,10010100.0,1592.0556423447001
3826,4.196700000000021,24739.501,-240.0,0.0,1.0,0.0227000000000146,103.25,3600,60.0,20,10010100.0,1549.636803874092
3827,4.189600000000013,24181.251,-240.0,0.0,1.0,0.05090000000001282,256.499,3600,60.0,20,10010100.0,623.7841083201104
3828,4.187600000000003,24084.251,-230.0,0.0,1.0,0.022699999999986176,106.249,3600,60.0,20,10010100.0,1505.8965260849511
3829,4.211399999999999,24434.499,-230.0,0.0,1.0,0.02389999999999759,109.501,3600,60.0,20,10010100.0,1461.17387055826
3830,4.198299999999989,24404.5,-240.0,0.0,1.0,0.023499999999984308,106.251,3600,60.0,20,10010100.0,1505.8681800641875
3831,4.023499999999984,24251.499,-230.0,0.0,1.0,0.03810000000001424,145.25,3600,60.0,20,10010100.0,1101.5490533562822
3832,4.1965000000000146,23972.501,-230.0,0.0,1.0,0.021900000000016462,99.75,3600,60.0,20,10010100.0,1604.010025062657
3833,4.193200000000019,24308.25,-220.0,1.0,1.0,0.022599999999982856,103.999,3600,60.0,20,10010100.0,1538.4763315031876
3834,4.194299999999998,24243.0,-220.0,0.0,1.0,0.021900000000016462,101.251,3600,60.0,20,10010100.0,1580.231306357468
3835,4.1898999999999935,24567.25,-220.0,1.0,1.0,0.0508999999999844,260.251,3600,60.0,20,10010100.0,614.7911055096811
3836,4.196899999999999,24450.5,-220.0,0.0,1.0,0.04979999999997632,256.999,3600,60.0,20,10010100.0,622.570515838583
3837,4.165699999999958,23910.249,-220.0,0.0,1.0,0.023999999999972488,106.999,3600,60.0,20,10010100.0,1495.3410779539997
3838,4.192399999999991,24258.749,-220.0,0.0,1.0,0.04939999999999145,256.5,3600,60.0,20,10010100.0,623.7816764132554
3839,4.185400000000016,24169.499,-210.0,1.0,1.0,0.04820000000000847,260.249,3600,60.0,20,10010100.0,614.795830147282
3840,4.18689999999998,24379.75,-220.0,0.0,1.0,0.021499999999974758,100.499,3600,60.0,20,10010100.0,1592.0556423447001
4064,2.3269999999999977,23163.25,-200.0,0.0,1.0,0.0484000000000151,347.751,3600,60.0,512,10010100.0,11778.542692903833
4065,2.4261000000000195,24315.25,-210.0,0.0,1.0,0.05160000000000764,424.749,3600,60.0,512,10010100.0,9643.342303336794
4066,2.313400000000001,22655.999,-220.0,0.0,1.0,0.04899999999997817,347.25,3600,60.0,512,10010100.0,11795.536357091432
4067,2.3140999999999963,22494.0,-230.0,0.0,1.0,0.04879999999997153,348.749,3600,60.0,512,10010100.0,11744.836544334175
4068,2.3155000000000427,22821.499,-220.0,0.0,1.0,0.05740000000002965,440.5,3600,60.0,512,10010100.0,9298.524404086264
4069,2.3314000000000306,23123.75,-210.0,0.0,1.0,0.046199999999998916,293.0,3600,60.0,512,10010100.0,13979.522184300342
4070,2.320100000000025,23083.251,-210.0,0.0,1.0,0.04770000000002028,342.0,3600,60.0,512,10010100.0,11976.608187134505
4071,2.3260000000000223,23238.999,-210.0,0.0,1.0,0.04790000000002692,345.5,3600,60.0,512,10010100.0,11855.282199710564
4072,2.3133999999999446,22480.751,-200.0,0.0,1.0,0.052099999999995816,422.25,3600,60.0,512,10010100.0,9700.414446418
4073,2.3140999999999963,23017.75,-220.0,0.0,1.0,0.05180000000001428,349.0,3600,60.0,512,10010100.0,11736.389684813756
4074,2.3150999999999726,22686.249,-200.0,0.0,1.0,0.048699999999996635,347.75,3600,60.0,512,10010100.0,11778.576563623292
4075,2.3310000000000173,23219.249,-210.0,0.0,1.0,0.048699999999996635,346.75,3600,60.0,512,10010100.0,11812.545061283345
4076,2.428799999999967,24378.251,-230.0,0.0,1.0,0.05169999999998254,421.751,3600,60.0,512,10010100.0,9711.891613772108
4077,2.3094999999999573,22653.751,-230.0,0.0,1.0,0.049500000000023185,348.749,3600,60.0,512,10010100.0,11744.836544334175
4078,2.3167000000000257,22510.5,-240.0,0.0,1.0,0.048599999999964894,346.499,3600,60.0,512,10010100.0,11821.101936802126
4079,2.318399999999997,22853.999,-240.0,0.0,1.0,0.050499999999999545,389.75,3600,60.0,512,10010100.0,10509.300833867865
4080,2.336999999999989,23173.001,-230.0,0.0,1.0,0.01890000000003056,107.25,3600,60.0,512,10010100.0,38191.142191142186
4081,2.319999999999993,23119.001,-230.0,0.0,1.0,0.049200000000041655,348.249,3600,60.0,512,10010100.0,11761.699243931786
4082,2.323099999999954,23223.249,-230.0,0.0,1.0,0.04820000000000847,347.5,3600,60.0,512,10010100.0,11787.05035971223
4083,2.419500000000028,23931.499,-220.0,0.0,1.0,0.052099999999995816,425.25,3600,60.0,512,10010100.0,9631.981187536745
4084,2.3196000000000367,23052.251,-230.0,0.0,1.0,0.0514999999999759,348.749,3600,60.0,512,10010100.0,11744.836544334175
4085,2.3186000000000035,22765.25,-230.0,0.0,1.0,0.049100000000009913,349.251,3600,60.0,512,10010100.0,11727.954966485422
4086,2.311099999999953,22654.999,-230.0,0.0,1.0,0.05090000000001282,392.501,3600,60.0,512,10010100.0,10435.642202185472
4087,2.3222000000000094,23023.25,-220.0,0.0,1.0,0.05219999999997072,422.501,3600,60.0,512,10010100.0,9694.651610292049
4088,2.3146000000000413,22752.251,-230.0,0.0,1.0,0.03460000000001173,226.499,3600,60.0,512,10010100.0,18083.965050618324
4089,2.3188999999999282,22653.25,-230.0,0.0,1.0,0.04899999999997817,349.5,3600,60.0,512,10010100.0,11719.599427753934
4090,2.317400000000021,23028.249,-230.0,0.0,1.0,0.05010000000004311,388.749,3600,60.0,512,10010100.0,10536.361508325424
4091,2.3391000000000304,23304.0,-230.0,0.0,1.0,0.0484000000000151,346.75,3600,60.0,512,10010100.0,11812.545061283345
4092,2.3237000000000307,23246.5,-230.0,0.0,1.0,0.04909999999995307,348.5,3600,60.0,512,10010100.0,11753.228120516498
4093,2.319099999999935,22930.251,-230.0,0.0,1.0,0.04849999999999,347.499,3600,60.0,512,10010100.0,11787.084279379222
4094,2.4237000000000535,24137.499,-230.0,0.0,1.0,0.052099999999995816,422.499,3600,60.0,512,10010100.0,9694.697502242607
4095,2.3286999999999125,23197.0,-230.0,0.0,1.0,0.06069999999999709,465.25,3600,60.0,512,10010100.0,8803.868887694787
4096,2.322499999999991,22909.499,-230.0,0.0,1.0,0.04980000000000473,349.5,3600,60.0,512,10010100.0,11719.599427753934
4097,2.310299999999984,22654.751,-230.0,0.0,1.0,0.05040000000008149,391.75,3600,60.0,512,10010100.0,10455.647734524571
4098,2.3321000000000818,22723.251,-230.0,0.0,1.0,0.048800000000028376,348.5,3600,60.0,512,10010100.0,11753.228120516498
4099,2.317700000000059,22936.001,-230.0,0.0,1.0,0.027399999999943248,163.75,3600,60.0,512,10010100.0,25013.74045801527
4100,2.3232000000000426,23077.25,-230.0,0.0,1.0,0.048599999999964894,346.75,3600,60.0,512,10010100.0,11812.545061283345
4101,2.3238999999999805,23186.75,-240.0,0.0,1.0,0.05140000000005784,392.0,3600,60.0,512,10010100.0,10448.979591836733
4102,2.3181999999999334,22913.5,-230.0,0.0,1.0,0.04890000000000328,349.251,3600,60.0,512,10010100.0,11727.954966485422
4103,2.3156999999999925,22573.25,-240.0,0.0,1.0,0.05079999999998108,345.0,3600,60.0,512,10010100.0,11872.463768115942
4104,2.3272999999999238,23122.749,-230.0,0.0,1.0,0.04890000000000328,343.75,3600,60.0,512,10010100.0,11915.636363636364
4105,4.030799999999998,39009.001,-240.0,0.0,1.0,0.05190000000004602,422.251,3600,60.0,512,10010100.0,9700.391473318005
4106,2.3082999999999174,22653.25,-240.0,0.0,1.0,0.049200000000041655,348.251,3600,60.0,512,10010100.0,11761.631696678545
4107,2.314700000000016,22447.249,-240.0,0.0,1.0,0.04890000000000328,346.499,3600,60.0,512,10010100.0,11821.101936802126
4108,2.314399999999978,22838.5,-240.0,0.0,1.0,0.05360000000007403,390.001,3600,60.0,512,10010100.0,10502.537172981607
4109,2.3342999999999847,22865.0,-230.0,0.0,1.0,0.04890000000000328,349.5,3600,60.0,512,10010100.0,11719.599427753934
4110,5.022199999999998,48605.749,-230.0,0.0,1.0,2.645700000000033,24644.251,3600,60.0,512,10010100.0,166.2050918082274
4111,2.3237000000000307,23247.999,-230.0,0.0,1.0,0.048800000000028376,347.501,3600,60.0,512,10010100.0,11787.016440240459
4112,2.3136999999999257,22479.75,-240.0,0.0,1.0,0.05500000000006367,423.749,3600,60.0,512,10010100.0,9666.099507019486
4113,2.3202999999999747,23020.0,-220.0,0.0,1.0,0.04809999999997672,345.5,3600,60.0,512,10010100.0,11855.282199710564
4114,2.3178000000000343,22702.499,-220.0,0.0,1.0,0.048699999999939785,346.25,3600,60.0,512,10010100.0,11829.602888086643
4115,2.3308999999999287,23236.749,-220.0,0.0,1.0,0.05169999999998254,379.25,3600,60.0,512,10010100.0,10800.263678312458
4116,2.4286999999999352,24422.499,-220.0,0.0,1.0,0.0523000000000593,424.751,3600,60.0,512,10010100.0,9643.296896299244
4117,2.3144000000000915,22683.25,-230.0,0.0,1.0,0.04849999999999,346.75,3600,60.0,512,10010100.0,11812.545061283345
4118,2.317400000000021,22578.249,-220.0,0.0,1.0,0.04960000000005493,352.5,3600,60.0,512,10010100.0,11619.85815602837
4119,2.3156999999999925,22931.749,-210.0,0.0,1.0,0.04809999999997672,336.251,3600,60.0,512,10010100.0,12181.376412263457
4120,2.333900000000085,23204.749,-230.0,0.0,1.0,0.0482000000000653,347.499,3600,60.0,512,10010100.0,11787.084279379222
4121,2.3230000000000928,23182.499,-220.0,0.0,1.0,0.04930000000001655,350.75,3600,60.0,512,10010100.0,11677.833214540271
4122,2.312599999999975,22708.999,-240.0,0.0,1.0,0.04809999999997672,345.5,3600,60.0,512,10010100.0,11855.282199710564
4123,2.4208999999999605,24042.25,-220.0,0.0,1.0,0.05480000000000018,424.5,3600,60.0,512,10010100.0,9648.998822143698
4421,2.343964744,23213.001,-210.0,0.0,1.0,0.014383060000000003,101.75,3600,60.0,20,1100000.0,1572.4815724815726
4422,2.346293,23349.75,-220.0,0.0,1.0,0.013862000000000041,97.5,3600,60.0,20,1100000.0,1641.0256410256409
4423,2.350663000000001,23461.0,-220.0,0.0,1.0,0.01455300000000026,101.75,3600,60.0,20,1100000.0,1572.4815724815726
4424,2.350197,23082.0,-220.0,0.0,1.0,0.014912000000000702,102.25,3600,60.0,20,1100000.0,1564.7921760391198
4425,2.342379,23026.0,-220.0,0.0,1.0,0.013787999999998135,98.75,3600,60.0,20,1100000.0,1620.253164556962
4426,2.3461099999999995,23156.75,-220.0,0.0,1.0,0.014580000000000481,101.75,3600,60.0,20,1100000.0,1572.4815724815726
4427,2.3468399999999985,23254.25,-220.0,0.0,1.0,0.01425000000000054,103.25,3600,60.0,20,1100000.0,1549.636803874092
4428,2.3597500000000022,23575.25,-220.0,0.0,1.0,0.014450000000000076,99.5,3600,60.0,20,1100000.0,1608.0402010050254
4429,2.35144,23523.0,-230.0,0.0,1.0,0.014230000000001297,101.25,3600,60.0,20,1100000.0,1580.2469135802469
4430,2.34236,23015.25,-220.0,0.0,1.0,0.013970000000000482,99.25,3600,60.0,20,1100000.0,1612.0906801007557
4431,2.3364800000000017,23129.0,-220.0,0.0,1.0,0.014199999999998882,102.25,3600,60.0,20,1100000.0,1564.7921760391198
4432,2.3462200000000024,23233.75,-220.0,0.0,1.0,0.013539999999998996,98.25,3600,60.0,20,1100000.0,1628.498727735369
4433,2.3497100000000017,23383.25,-220.0,0.0,1.0,0.0136099999999999,96.25,3600,60.0,20,1100000.0,1662.3376623376623
4434,2.355319999999999,23478.0,-220.0,0.0,1.0,0.01783999999999608,134.0,3600,60.0,20,1100000.0,1194.0298507462687
4435,2.351940000000006,23142.75,-220.0,0.0,1.0,0.013349999999995532,98.25,3600,60.0,20,1100000.0,1628.498727735369
4436,2.34384,23087.75,-220.0,0.0,1.0,0.01436999999999955,101.75,3600,60.0,20,1100000.0,1572.4815724815726
4437,2.343130000000002,23189.0,-220.0,0.0,1.0,0.01444000000000756,104.251,3600,60.0,20,1100000.0,1534.7574603600924
4438,2.3453000000000017,23300.0,-220.0,0.0,1.0,0.014210000000005609,103.25,3600,60.0,20,1100000.0,1549.636803874092
4439,2.3586400000000007,23574.75,-220.0,0.0,1.0,0.014759999999995443,102.25,3600,60.0,20,1100000.0,1564.7921760391198
4440,2.3494899999999963,23505.25,-210.0,0.0,1.0,0.013839999999994744,100.0,3600,60.0,20,1100000.0,1600.0
4441,2.340069999999997,22980.75,-210.0,0.0,1.0,0.013780000000004122,96.25,3600,60.0,20,1100000.0,1662.3376623376623
4442,2.338000000000001,23142.25,-210.0,0.0,1.0,0.014820000000000276,104.25,3600,60.0,20,1100000.0,1534.7721822541969
4443,2.3457799999999907,23296.5,-220.0,0.0,1.0,0.014419999999994102,102.25,3600,60.0,20,1100000.0,1564.7921760391198
4444,2.3504800000000046,23395.0,-220.0,0.0,1.0,0.014880000000005113,102.25,3600,60.0,20,1100000.0,1564.7921760391198
4445,2.3543300000000045,23522.0,-200.0,0.0,1.0,0.014650000000003159,100.5,3600,60.0,20,1100000.0,1592.039800995025
4446,2.35231000000001,23141.5,-210.0,0.0,1.0,0.014129999999994425,100.75,3600,60.0,20,1100000.0,1588.0893300248142
4447,2.3434199999999947,23088.5,-220.0,0.0,1.0,0.013270000000005666,96.0,3600,60.0,20,1100000.0,1666.666666666667
4448,2.345090000000006,23203.75,-220.0,0.0,1.0,0.01418000000000319,101.25,3600,60.0,20,1100000.0,1580.2469135802469
4449,2.3464400000000007,23348.0,-220.0,0.0,1.0,0.014180000000010297,102.25,3600,60.0,20,1100000.0,1564.7921760391198
4450,2.360459999999989,23656.0,-220.0,0.0,1.0,0.013849999999990814,98.75,3600,60.0,20,1100000.0,1620.253164556962
4451,2.3413299999999992,22959.5,-230.0,0.0,1.0,0.014559999999988802,102.25,3600,60.0,20,1100000.0,1564.7921760391198
4452,2.3431700000000006,23063.5,-220.0,0.0,1.0,0.013809999999992328,96.25,3600,60.0,20,1100000.0,1662.3376623376623
4453,2.3361400000000145,23173.0,-220.0,0.0,1.0,0.015209999999996171,106.5,3600,60.0,20,1100000.0,1502.3474178403753
4454,2.3463800000000106,23279.0,-220.0,0.0,1.0,0.014670000000009509,99.25,3600,60.0,20,1100000.0,1612.0906801007557
4455,2.349409999999992,23381.0,-220.0,0.0,1.0,0.014340000000004238,101.5,3600,60.0,20,1100000.0,1576.3546798029556
4456,2.35324,23524.75,-230.0,0.0,1.0,0.0146000000000015,101.25,3600,60.0,20,1100000.0,1580.2469135802469
4457,2.352170000000001,23158.75,-220.0,0.0,1.0,0.013850000000005023,99.25,3600,60.0,20,1100000.0,1612.0906801007557
4458,2.3432900000000103,23091.75,-230.0,0.0,1.0,0.014609999999990462,102.25,3600,60.0,20,1100000.0,1564.7921760391198
4459,2.3441600000000165,23206.75,-230.0,0.0,1.0,0.014660000000006338,102.25,3600,60.0,20,1100000.0,1564.7921760391198
4460,2.346720000000005,23334.5,-220.0,0.0,1.0,0.015000000000000568,106.0,3600,60.0,20,1100000.0,1509.433962264151
4461,2.3606900000000053,23607.0,-230.0,0.0,1.0,0.013550000000009277,96.25,3600,60.0,20,1100000.0,1662.3376623376623
4462,2.3400100000000066,22913.75,-230.0,0.0,1.0,0.014129999999994425,96.5,3600,60.0,20,1100000.0,1658.0310880829015
4463,2.3416799999999967,23061.75,-230.0,0.0,1.0,0.016580000000004702,130.0,3600,60.0,20,1100000.0,1230.7692307692307
4464,2.3362999999999943,23173.75,-220.0,0.0,1.0,0.01469999999999061,105.25,3600,60.0,20,1100000.0,1520.1900237529694
4465,2.3453000000000093,23281.25,-230.0,0.0,1.0,0.013499999999993406,99.0,3600,60.0,20,1100000.0,1616.1616161616162
4466,4.113799999999999,39601.25,-220.0,0.0,1.0,1.7758999999999932,16695.0,3600,60.0,20,1100000.0,9.583707696915244
4467,2.3492999999999995,23490.5,-220.0,0.0,1.0,0.013999999999995794,99.5,3600,60.0,20,1100000.0,1608.0402010050254
4468,2.3526999999999987,23109.75,-220.0,0.0,1.0,0.014899999999997247,103.25,3600,60.0,20,1100000.0,1549.636803874092
4469,2.345,23102.25,-220.0,0.0,1.0,0.014700000000004819,99.25,3600,60.0,20,1100000.0,1612.0906801007557
4470,2.3463000000000136,23220.75,-220.0,0.0,1.0,0.013900000000006685,96.5,3600,60.0,20,1100000.0,1658.0310880829015
4471,2.3468000000000018,23349.5,-220.0,0.0,1.0,0.015100000000003888,105.25,3600,60.0,20,1100000.0,1520.1900237529694
4472,2.361400000000004,23621.5,-210.0,0.0,1.0,0.01520000000000721,103.5,3600,60.0,20,1100000.0,1545.8937198067633
4473,2.338700000000003,22976.75,-210.0,0.0,1.0,0.013599999999996726,98.75,3600,60.0,20,1100000.0,1620.253164556962
4474,2.339499999999987,23077.75,-210.0,0.0,1.0,0.013700000000000044,99.25,3600,60.0,20,1100000.0,1612.0906801007557
4475,2.339700000000022,23221.75,-200.0,0.0,1.0,0.015000000000014781,106.0,3600,60.0,20,1100000.0,1509.433962264151
4476,2.4026000000000067,23326.5,-220.0,0.0,1.0,0.01480000000000814,102.5,3600,60.0,20,1100000.0,1560.9756097560974
4477,2.3492999999999995,23446.0,-210.0,0.0,1.0,0.014799999999979718,102.25,3600,60.0,20,1100000.0,1564.7921760391198
4478,2.339100000000002,22918.75,-210.0,0.0,1.0,0.014899999999983038,105.75,3600,60.0,20,1100000.0,1513.0023640661939
4479,2.3521000000000067,23189.75,-210.0,0.0,1.0,0.01439999999999486,98.0,3600,60.0,20,1100000.0,1632.65306122449
4480,2.342399999999998,23135.75,-220.0,0.0,1.0,0.013599999999996726,98.5,3600,60.0,20,1100000.0,1624.3654822335025
5397,2.8120004260000004,23508.25,230.0,1.0,-1.0,0.18327675,412.75,3600,60.0,20,1100000.0,387.6438522107814
5398,2.813261,23612.251,230.0,1.0,-1.0,0.17786700000000044,414.5,3600,60.0,20,1100000.0,386.00723763570574
5399,2.7977119999999998,23086.999,230.0,1.0,-1.0,0.17624800000000018,411.75,3600,60.0,20,1100000.0,388.5853066180935
5400,2.789881999999998,23183.751,230.0,1.0,-1.0,0.1754270000000009,463.249,3600,60.0,20,1100000.0,345.3866063391394
5401,2.8038100000000004,23291.249,230.0,1.0,-1.0,0.17817999999999934,412.0,3600,60.0,20,1100000.0,388.3495145631068
5402,2.8017800000000013,23409.749,230.0,1.0,-1.0,0.1750399999999992,411.999,3600,60.0,20,1100000.0,388.3504571613038
5403,2.804570000000002,23504.25,230.0,1.0,-1.0,0.1774199999999979,413.751,3600,60.0,20,1100000.0,386.70601400359163
5404,2.7995099999999984,23615.5,230.0,1.0,-1.0,0.17468000000000214,461.0,3600,60.0,20,1100000.0,347.07158351409976
5405,2.7963199999999984,23082.249,230.0,1.0,-1.0,0.17864000000000144,415.25,3600,60.0,20,1100000.0,385.3100541842264
5406,2.797450000000005,23184.0,230.0,1.0,-1.0,0.17663999999999902,412.001,3600,60.0,20,1100000.0,388.3485719694855
5407,2.800009999999997,23296.5,230.0,1.0,-1.0,0.1855499999999992,463.249,3600,60.0,20,1100000.0,345.3866063391394
5408,4.2726699999999935,29306.499,230.0,1.0,-1.0,4.139730000000005,24685.001,3600,60.0,20,1100000.0,6.481668767199968
5409,2.8121499999999955,23502.75,230.0,1.0,-1.0,0.1774600000000035,414.0,3600,60.0,20,1100000.0,386.47342995169083
5410,2.8063100000000034,23616.499,230.0,1.0,-1.0,0.17645000000000266,412.001,3600,60.0,20,1100000.0,388.3485719694855
5411,2.7917699999999925,23119.501,230.0,1.0,-1.0,0.17586000000000726,464.249,3600,60.0,20,1100000.0,344.64263789475035
5412,2.7990699999999933,23257.25,230.0,1.0,-1.0,0.17861999999999512,415.25,3600,60.0,20,1100000.0,385.3100541842264
5413,2.8060199999999966,23360.75,230.0,0.0,-1.0,0.1777099999999976,413.749,3600,60.0,20,1100000.0,386.70788328189315
5414,2.8021999999999987,23469.749,230.0,1.0,-1.0,0.17779000000000167,414.0,3600,60.0,20,1100000.0,386.47342995169083
5415,2.799660000000003,23568.5,230.0,1.0,-1.0,0.17469000000000534,463.5,3600,60.0,20,1100000.0,345.1995685005394
5416,2.799130000000005,23065.251,230.0,1.0,-1.0,0.1790500000000037,413.251,3600,60.0,20,1100000.0,387.173896735882
5417,2.8005699999999933,23166.501,230.0,1.0,-1.0,0.1778099999999938,413.25,3600,60.0,20,1100000.0,387.1748336358137
5418,2.8011200000000045,23280.75,230.0,1.0,-1.0,0.1841800000000049,463.0,3600,60.0,20,1100000.0,345.57235421166314
5419,2.8008200000000163,23392.0,230.0,1.0,-1.0,0.17677000000000476,412.001,3600,60.0,20,1100000.0,388.3485719694855
5420,2.812529999999996,23509.501,230.0,1.0,-1.0,0.17666999999998725,411.749,3600,60.0,20,1100000.0,388.58625036126375
5421,2.7850499999999982,22991.0,230.0,1.0,-1.0,0.1771500000000117,412.0,3600,60.0,20,1100000.0,388.3495145631068
5422,2.7919299999999936,23133.25,230.0,1.0,-1.0,0.17584999999999695,463.25,3600,60.0,20,1100000.0,345.38586076632487
5423,2.8001300000000096,23256.749,230.0,1.0,-1.0,0.17721999999999127,412.0,3600,60.0,20,1100000.0,388.3495145631068
5424,2.7985299999999995,23357.25,230.0,1.0,-1.0,0.17691999999999553,412.75,3600,60.0,20,1100000.0,387.6438522107814
5425,2.8063499999999952,23474.249,230.0,1.0,-1.0,0.17918000000000234,415.25,3600,60.0,20,1100000.0,385.3100541842264
5426,2.7990500000000083,23619.0,230.0,1.0,-1.0,0.1748100000000079,461.0,3600,60.0,20,1100000.0,347.07158351409976
5427,2.799660000000003,23083.0,230.0,1.0,-1.0,0.1776800000000094,411.75,3600,60.0,20,1100000.0,388.5853066180935
5428,2.800539999999998,23188.001,230.0,1.0,-1.0,0.17726999999999293,411.75,3600,60.0,20,1100000.0,388.5853066180935
5429,2.799589999999996,23296.749,230.0,1.0,-1.0,0.1835499999999968,460.749,3600,60.0,20,1100000.0,347.26065601878685
5430,2.7979800000000097,23395.75,230.0,1.0,-1.0,0.17714999999999748,414.0,3600,60.0,20,1100000.0,386.47342995169083
5431,2.813200000000009,23533.0,230.0,1.0,-1.0,0.17848999999999648,415.25,3600,60.0,20,1100000.0,385.3100541842264
5432,2.8075000000000045,23630.25,230.0,1.0,-1.0,0.17767999999999518,413.749,3600,60.0,20,1100000.0,386.70788328189315
5433,2.7911999999999892,23088.5,230.0,1.0,-1.0,0.17480000000000473,460.5,3600,60.0,20,1100000.0,347.4484256243214
5434,2.800200000000004,23196.501,230.0,1.0,-1.0,0.17730000000000246,411.75,3600,60.0,20,1100000.0,388.5853066180935
5435,2.8016999999999967,23313.75,230.0,1.0,-1.0,0.1781000000000148,411.999,3600,60.0,20,1100000.0,388.3504571613038
5436,2.8040999999999903,23423.751,230.0,1.0,-1.0,0.17849999999999966,412.75,3600,60.0,20,1100000.0,387.6438522107814
5437,2.8054999999999954,23616.999,230.0,1.0,-1.0,0.17260000000000275,462.751,3600,60.0,20,1100000.0,345.758301980979
5438,2.8085000000000093,23625.0,230.0,1.0,-1.0,0.17959999999999354,415.25,3600,60.0,20,1100000.0,385.3100541842264
5439,2.788899999999998,23121.249,230.0,1.0,-1.0,0.1770000000000067,412.501,3600,60.0,20,1100000.0,387.87784756885435
5440,2.8022999999999882,23230.501,230.0,1.0,-1.0,0.18380000000000507,460.251,3600,60.0,20,1100000.0,347.6363984000035
5441,2.801400000000001,23338.251,230.0,1.0,-1.0,0.17799999999999727,412.75,3600,60.0,20,1100000.0,387.6438522107814
5442,2.8109999999999933,23450.25,230.0,1.0,-1.0,0.17799999999999727,413.75,3600,60.0,20,1100000.0,386.7069486404834
5443,2.8045999999999935,23599.751,230.0,1.0,-1.0,0.17740000000000578,414.751,3600,60.0,20,1100000.0,385.77363285441146
5444,2.7882000000000176,23103.75,230.0,1.0,-1.0,0.1728999999999985,463.251,3600,60.0,20,1100000.0,345.3851151967292
5445,2.8019999999999925,23260.001,230.0,1.0,-1.0,0.1775000000000091,413.751,3600,60.0,20,1100000.0,386.70601400359163
5446,2.8044999999999902,23361.5,230.0,1.0,-1.0,0.17719999999999916,414.0,3600,60.0,20,1100000.0,386.47342995169083
5447,2.8055000000000234,23519.751,230.0,1.0,-1.0,0.1758000000000095,411.75,3600,60.0,20,1100000.0,388.5853066180935
5448,2.799299999999988,23617.251,230.0,1.0,-1.0,0.1745999999999981,461.25,3600,60.0,20,1100000.0,346.88346883468836
5449,2.7971000000000004,23097.501,230.0,1.0,-1.0,0.17619999999999436,412.499,3600,60.0,20,1100000.0,387.87972819328047
5450,2.8031000000000006,23202.749,230.0,1.0,-1.0,0.177599999999984,411.749,3600,60.0,20,1100000.0,388.58625036126375
5451,2.8018000000000143,23294.501,230.0,1.0,-1.0,0.1839000000000226,462.5,3600,60.0,20,1100000.0,345.945945945946
5452,2.8000999999999863,23408.499,230.0,1.0,-1.0,0.17650000000000432,414.0,3600,60.0,20,1100000.0,386.47342995169083
5453,2.810600000000022,23527.501,230.0,1.0,-1.0,0.151299999999992,308.25,3600,60.0,20,1100000.0,519.0592051905919
5454,2.805699999999973,23632.999,230.0,1.0,-1.0,0.17700000000002092,413.75,3600,60.0,20,1100000.0,386.7069486404834
5455,3.749200000000002,29705.75,230.0,1.0,-1.0,1.0864999999999725,6726.5,3600,60.0,20,1100000.0,23.78651601873188
5456,2.7957999999999856,23252.75,230.0,1.0,-1.0,0.15020000000001232,307.251,3600,60.0,20,1100000.0,520.7468812143818
5483,2.7182595110000003,23570.0,150.0,1.0,-1.0,0.026623000000000008,98.0,3600,60.0,20,1100000.0,1632.65306122449
5484,2.722685,23707.249,120.0,0.0,-1.0,0.025253000000000192,100.0,3600,60.0,20,1100000.0,1600.0
5485,2.719704,23807.251,110.0,0.0,-1.0,0.02592199999999956,102.749,3600,60.0,20,1100000.0,1557.192770732562
5486,2.7297840000000004,23951.251,120.0,0.0,-1.0,0.0251240000000017,103.25,3600,60.0,20,1100000.0,1549.636803874092
5487,2.7227599999999987,23407.0,110.0,0.0,-1.0,0.024869999999999948,100.0,3600,60.0,20,1100000.0,1600.0
5488,2.7246400000000013,23519.251,110.0,0.0,-1.0,0.024650000000001168,97.25,3600,60.0,20,1100000.0,1645.2442159383031
5489,2.718160000000001,23616.5,110.0,0.0,-1.0,0.02476000000000056,97.5,3600,60.0,20,1100000.0,1641.0256410256409
5490,2.7110799999999986,23725.999,110.0,0.0,-1.0,0.026080000000000325,106.25,3600,60.0,20,1100000.0,1505.8823529411764
5491,2.7111099999999984,23195.5,120.0,0.0,-1.0,0.0259999999999998,103.251,3600,60.0,20,1100000.0,1549.6217954305528
5492,2.700330000000001,23294.25,120.0,0.0,-1.0,0.025310000000001054,99.5,3600,60.0,20,1100000.0,1608.0402010050254
5493,2.7015399999999943,23407.25,110.0,0.0,-1.0,0.025060000000003413,102.75,3600,60.0,20,1100000.0,1557.1776155717762
5494,2.731040000000004,23712.25,130.0,0.0,-1.0,0.02687999999999846,109.0,3600,60.0,20,1100000.0,1467.8899082568807
5495,2.7180000000000035,23674.25,120.0,0.0,-1.0,0.025210000000001287,97.75,3600,60.0,20,1100000.0,1636.8286445012786
5496,2.718989999999998,23776.5,110.0,0.0,-1.0,0.025389999999994483,97.501,3600,60.0,20,1100000.0,1641.0088101660494
5497,2.685920000000003,23229.25,110.0,0.0,-1.0,0.025869999999997617,106.75,3600,60.0,20,1100000.0,1498.8290398126464
5498,2.7110800000000026,23338.5,110.0,0.0,-1.0,0.025610000000000355,100.75,3600,60.0,20,1100000.0,1588.0893300248142
5500,2.712209999999999,23551.25,100.0,0.0,-1.0,0.025490000000004898,107.75,3600,60.0,20,1100000.0,1484.9187935034802
5501,2.6911099999999952,23661.5,110.0,0.0,-1.0,0.026210000000006062,106.25,3600,60.0,20,1100000.0,1505.8823529411764
5502,2.714649999999999,23755.25,100.0,0.0,-1.0,0.025410000000000817,100.0,3600,60.0,20,1100000.0,1600.0
5503,2.695299999999996,23225.5,110.0,0.0,-1.0,0.02502999999999389,98.249,3600,60.0,20,1100000.0,1628.5153029547375
5504,2.69979,23326.5,120.0,0.0,-1.0,0.026009999999992317,106.5,3600,60.0,20,1100000.0,1502.3474178403753
5505,2.725440000000006,23602.999,110.0,0.0,-1.0,0.026150000000001228,107.5,3600,60.0,20,1100000.0,1488.3720930232555
5506,2.704010000000004,23545.75,110.0,0.0,-1.0,0.024749999999997385,97.25,3600,60.0,20,1100000.0,1645.2442159383031
5507,2.7075499999999977,23647.75,110.0,0.0,-1.0,0.02554000000000656,97.75,3600,60.0,20,1100000.0,1636.8286445012786
5508,2.6838900000000048,23118.0,110.0,0.0,-1.0,0.02602999999999156,105.75,3600,60.0,20,1100000.0,1513.0023640661939
5509,2.699290000000005,23274.75,100.0,0.0,-1.0,0.02477000000000373,97.0,3600,60.0,20,1100000.0,1649.4845360824743
5510,2.7143800000000056,23375.0,110.0,0.0,-1.0,0.02519000000000915,96.75,3600,60.0,20,1100000.0,1653.74677002584
5511,2.715530000000001,23487.0,110.0,0.0,-1.0,0.025820000000010168,103.25,3600,60.0,20,1100000.0,1549.636803874092
5512,2.706339999999982,23582.25,110.0,0.0,-1.0,0.02504999999999313,103.0,3600,60.0,20,1100000.0,1553.3980582524273
5513,2.715680000000006,23693.001,110.0,0.0,-1.0,0.025949999999994592,103.75,3600,60.0,20,1100000.0,1542.1686746987953
5514,2.6992500000000064,23148.0,100.0,0.0,-1.0,0.026049999999997908,103.5,3600,60.0,20,1100000.0,1545.8937198067633
5515,2.7086199999999963,23310.5,110.0,0.0,-1.0,0.024779999999992697,105.5,3600,60.0,20,1100000.0,1516.5876777251185
5516,2.7247300000000085,23585.75,110.0,0.0,-1.0,0.02610999999998853,99.75,3600,60.0,20,1100000.0,1604.010025062657
5517,2.7092300000000047,23529.0,120.0,0.0,-1.0,0.026449999999996976,99.749,3600,60.0,20,1100000.0,1604.0261055248675
5518,2.7084799999999944,23645.75,120.0,0.0,-1.0,0.02506999999999948,97.75,3600,60.0,20,1100000.0,1636.8286445012786
5519,2.686390000000003,23136.5,110.0,0.0,-1.0,0.025970000000000937,104.0,3600,60.0,20,1100000.0,1538.4615384615383
5520,2.7461000000000126,24061.5,120.0,0.0,-1.0,0.024999999999991473,100.751,3600,60.0,20,1100000.0,1588.0735675080148
5521,2.726600000000005,23353.999,110.0,0.0,-1.0,0.02560000000001139,105.5,3600,60.0,20,1100000.0,1516.5876777251185
5522,2.7171000000000016,23502.25,100.0,0.0,-1.0,0.025500000000008072,106.0,3600,60.0,20,1100000.0,1509.433962264151
5523,2.7043000000000035,23615.75,110.0,0.0,-1.0,0.026099999999999568,106.0,3600,60.0,20,1100000.0,1509.433962264151
5524,2.8202,24524.75,120.0,0.0,-1.0,0.024900000000002358,97.5,3600,60.0,20,1100000.0,1641.0256410256409
5525,2.734499999999997,23834.75,120.0,0.0,-1.0,0.026599999999987745,109.249,3600,60.0,20,1100000.0,1464.5442978883102
5526,2.7031000000000063,23341.999,120.0,0.0,-1.0,0.02649999999999864,105.75,3600,60.0,20,1100000.0,1513.0023640661939
5527,2.7390999999999934,23649.75,110.0,0.0,-1.0,0.024799999999999045,100.501,3600,60.0,20,1100000.0,1592.0239599605973
5528,2.719999999999999,23645.5,110.0,0.0,-1.0,0.025000000000005684,97.25,3600,60.0,20,1100000.0,1645.2442159383031
5529,2.7184000000000026,23760.0,120.0,0.0,-1.0,0.02630000000000621,103.25,3600,60.0,20,1100000.0,1549.636803874092
5530,2.6876999999999924,23245.75,120.0,0.0,-1.0,0.025500000000008072,105.75,3600,60.0,20,1100000.0,1513.0023640661939
5531,2.7125000000000057,23342.0,120.0,0.0,-1.0,0.02600000000001046,102.5,3600,60.0,20,1100000.0,1560.9756097560974
5532,2.7120999999999924,23458.251,120.0,0.0,-1.0,0.02649999999999864,103.75,3600,60.0,20,1100000.0,1542.1686746987953
5533,2.7195000000000107,23566.0,130.0,0.0,-1.0,0.026600000000001955,103.251,3600,60.0,20,1100000.0,1549.6217954305528
5534,2.6936000000000035,23665.5,110.0,0.0,-1.0,0.025099999999980586,103.0,3600,60.0,20,1100000.0,1553.3980582524273
5535,2.6974999999999905,23131.5,110.0,0.0,-1.0,0.025000000000005684,96.999,3600,60.0,20,1100000.0,1649.5015412530026
5536,2.847900000000009,25408.5,120.0,0.0,-1.0,0.024900000000002358,97.5,3600,60.0,20,1100000.0,1641.0256410256409
5538,2.7006999999999834,23414.001,110.0,0.0,-1.0,0.0257000000000005,105.75,3600,60.0,20,1100000.0,1513.0023640661939
5539,2.7164999999999964,23693.25,110.0,0.0,-1.0,0.02529999999998721,97.751,3600,60.0,20,1100000.0,1636.8118996225103
5540,2.7053999999999974,23640.25,120.0,0.0,-1.0,0.025100000000009004,97.001,3600,60.0,20,1100000.0,1649.4675312625643
5541,2.6972000000000094,23102.0,120.0,0.0,-1.0,0.024999999999977263,96.75,3600,60.0,20,1100000.0,1653.74677002584
5542,2.685299999999984,23230.999,110.0,1.0,-1.0,0.02609999999998536,105.75,3600,60.0,20,1100000.0,1513.0023640661939
5543,2.709699999999998,23354.75,120.0,0.0,-1.0,0.02539999999999054,97.25,3600,60.0,20,1100000.0,1645.2442159383031
5894,4.123850144,27302.249,230.0,2.0,-1.0,4.0265038,25819.499,3600,60.0,20,1100000.0,6.196866949277366
5895,4.101000000000001,27168.751,230.0,2.0,-1.0,4.004775000000001,25374.25,3600,60.0,20,1100000.0,6.305605091776112
5897,4.112589999999999,27460.25,230.0,2.0,-1.0,4.0149300000000006,25463.751,3600,60.0,20,1100000.0,6.283441901391512
5899,4.063790000000001,26952.25,230.0,2.0,-1.0,3.975179999999998,25374.0,3600,60.0,20,1100000.0,6.305667218412548
5900,3.9292900000000017,26941.25,230.0,2.0,-1.0,3.8462600000000013,25338.749,3600,60.0,20,1100000.0,6.314439596051091
5901,3.985150000000001,27089.249,230.0,2.0,-1.0,3.884380000000004,25280.5,3600,60.0,20,1100000.0,6.3289887462668855
5902,3.945279999999997,27315.75,230.0,2.0,-1.0,3.8561799999999953,25400.999,3600,60.0,20,1100000.0,6.2989648556735895
5903,3.9908100000000033,26849.001,230.0,2.0,-1.0,3.911929999999998,25735.25,3600,60.0,20,1100000.0,6.217153515120312
5904,4.0812800000000005,26882.001,230.0,2.0,-1.0,4.000250000000001,25370.5,3600,60.0,20,1100000.0,6.306537119883329
5906,3.9346300000000056,27087.5,230.0,2.0,-1.0,3.850830000000009,25432.499,3600,60.0,20,1100000.0,6.291163129506071
5907,4.1157499999999985,27467.0,230.0,2.0,-1.0,4.028350000000003,25821.25,3600,60.0,20,1100000.0,6.1964467250810875
5908,4.0966199999999935,27343.75,230.0,2.0,-1.0,3.998730000000009,25372.251,3600,60.0,20,1100000.0,6.306101890604818
5909,4.079379999999993,26803.75,230.0,2.0,-1.0,3.9999800000000008,25403.0,3600,60.0,20,1100000.0,6.298468684801008
5910,4.094840000000005,26944.0,230.0,2.0,-1.0,4.005730000000002,25370.25,3600,60.0,20,1100000.0,6.306599264887023
5911,4.054259999999985,26981.501,230.0,2.0,-1.0,3.970570000000009,25340.25,3600,60.0,20,1100000.0,6.3140655676246285
5912,4.048749999999998,27085.749,230.0,2.0,-1.0,3.947900000000004,25339.25,3600,60.0,20,1100000.0,6.314314748857997
5913,3.96445,27269.25,230.0,2.0,-1.0,3.877110000000016,25289.0,3600,60.0,20,1100000.0,6.3268614812764445
5914,4.092860000000002,26983.749,230.0,2.0,-1.0,4.013920000000013,25821.501,3600,60.0,20,1100000.0,6.196386492016866
5915,3.993780000000015,26780.001,230.0,2.0,-1.0,3.9136800000000136,25280.0,3600,60.0,20,1100000.0,6.329113924050633
5918,3.939580000000008,27318.25,230.0,2.0,-1.0,3.8526900000000097,25675.5,3600,60.0,20,1100000.0,6.231621584779265
5919,4.0732,27425.249,230.0,2.0,-1.0,3.9756,25423.75,3600,60.0,20,1100000.0,6.29332808889326
5920,4.031000000000007,27362.251,230.0,2.0,-1.0,3.9320000000000017,25345.001,3600,60.0,20,1100000.0,6.3128819762129815
5921,4.073300000000003,26859.749,230.0,2.0,-1.0,3.9841000000000117,25340.25,3600,60.0,20,1100000.0,6.3140655676246285
5922,5.888499999999992,30483.251,230.0,2.0,-1.0,5.805300000000003,28870.501,3600,60.0,20,1100000.0,5.541989035798165
5923,4.647500000000008,28191.5,230.0,2.0,-1.0,4.555500000000009,26384.0,3600,60.0,20,1100000.0,6.064281382656156
5924,4.042699999999996,27280.001,230.0,2.0,-1.0,3.9548999999999954,25371.999,3600,60.0,20,1100000.0,6.306164524127562
5925,4.013200000000012,26830.751,230.0,2.0,-1.0,3.934799999999981,25736.75,3600,60.0,20,1100000.0,6.216791164385557
5926,3.961199999999991,26814.999,230.0,2.0,-1.0,3.8798999999999917,25341.75,3600,60.0,20,1100000.0,6.313691832647706
5928,4.0736000000000265,27136.751,230.0,2.0,-1.0,3.9882999999999815,25429.999,3600,60.0,20,1100000.0,6.291781608013433
5929,4.0386000000000015,27398.751,230.0,2.0,-1.0,3.942599999999999,25787.25,3600,60.0,20,1100000.0,6.2046166225557196
5930,4.084000000000003,26793.0,230.0,2.0,-1.0,4.005200000000002,25373.25,3600,60.0,20,1100000.0,6.3058536056673855
5931,4.609100000000012,27795.25,230.0,2.0,-1.0,4.529099999999971,26351.5,3600,60.0,20,1100000.0,6.071760620837524
5932,4.0627999999999815,26974.249,230.0,2.0,-1.0,3.9726,25410.5,3600,60.0,20,1100000.0,6.296609669231224
5933,3.993899999999997,26996.249,230.0,2.0,-1.0,3.901200000000017,25342.249,3600,60.0,20,1100000.0,6.313567513285817
5934,4.040699999999987,27184.5,230.0,2.0,-1.0,3.948399999999992,25392.999,3600,60.0,20,1100000.0,6.300949328592499
5935,4.637099999999975,28336.75,230.0,2.0,-1.0,4.54940000000002,26384.5,3600,60.0,20,1100000.0,6.064166461369363
5936,3.9064000000000174,26943.75,230.0,2.0,-1.0,3.8276999999999934,25707.001,3600,60.0,20,1100000.0,6.223985442720448
5937,3.906100000000009,26815.75,230.0,2.0,-1.0,3.8251999999999953,25278.25,3600,60.0,20,1100000.0,6.329552085290715
5938,3.886899999999997,26983.5,230.0,2.0,-1.0,3.802999999999997,25281.25,3600,60.0,20,1100000.0,6.328800988875153
5939,3.9202999999999975,27168.5,230.0,2.0,-1.0,3.8349000000000046,25324.0,3600,60.0,20,1100000.0,6.31811720107408
5940,3.9499000000000137,27428.499,230.0,2.0,-1.0,3.8619999999999934,25789.25,3600,60.0,20,1100000.0,6.2041354440319125
5941,3.9121000000000095,27329.0,230.0,2.0,-1.0,3.8078000000000163,25280.25,3600,60.0,20,1100000.0,6.329051334539808
5942,4.644400000000019,27922.0,230.0,2.0,-1.0,4.5545999999999935,26385.5,3600,60.0,20,1100000.0,6.063936631862197
5943,3.907199999999989,26991.999,230.0,2.0,-1.0,3.808699999999988,25307.501,3600,60.0,20,1100000.0,6.3222362413420425
5944,3.8725000000000014,27014.75,230.0,2.0,-1.0,3.7772999999999968,25277.5,3600,60.0,20,1100000.0,6.329739887251508
5945,3.990899999999982,27121.249,230.0,2.0,-1.0,3.889299999999992,25340.499,3600,60.0,20,1100000.0,6.314003524555693
5946,3.955199999999991,27332.25,230.0,2.0,-1.0,3.8667000000000087,25287.999,3600,60.0,20,1100000.0,6.327111923723186
5947,3.9455000000000098,27442.5,230.0,2.0,-1.0,3.8366000000000327,25327.0,3600,60.0,20,1100000.0,6.317368815888183
5948,3.9685000000000064,26868.75,230.0,2.0,-1.0,3.877800000000008,25280.25,3600,60.0,20,1100000.0,6.329051334539808
5949,3.9250999999999854,27024.5,230.0,2.0,-1.0,3.832099999999997,25289.5,3600,60.0,20,1100000.0,6.326736392573992
5950,4.514899999999983,28256.25,230.0,2.0,-1.0,4.428200000000004,26451.0,3600,60.0,20,1100000.0,6.048920645722278
5951,11.960800000000004,66823.49900000001,230.0,2.0,-1.0,10.174800000000003,48378.751,3600,60.0,20,1100000.0,3.307237096716284
5952,4.092099999999988,26963.5,230.0,2.0,-1.0,3.998599999999982,25401.75,3600,60.0,20,1100000.0,6.29877862745677
8471,0.8103849999999997,24808.5,-60.0,0.0,0.0,0.03533799999999987,640.999,3600,60.0,20,1100000.0,249.6103738071354
8473,0.8367100000000001,23743.5,50.0,0.0,0.0,0.02782400000000029,399.501,3600,60.0,20,1100000.0,400.4996232800419
8475,0.7793650000000003,24025.0,-50.0,0.0,0.0,0.02397199999999966,399.25,3600,60.0,20,1100000.0,400.75140889167193
8477,0.8334170000000003,23681.999,40.0,0.0,0.0,0.025019000000000347,399.5,3600,60.0,20,1100000.0,400.50062578222776
8481,0.8284350000000007,23506.75,40.0,0.0,0.0,0.02718099999999968,399.25,3600,60.0,20,1100000.0,400.75140889167193
8485,0.7657169999999995,24010.751,-90.0,0.0,0.0,0.022563000000000773,399.001,3600,60.0,20,1100000.0,401.00150124937034
8487,0.8328169999999986,23587.25,40.0,0.0,0.0,0.024869999999999948,399.499,3600,60.0,20,1100000.0,400.5016282894325
8489,0.8317199999999989,25874.001,-100.0,0.0,0.0,0.02401700000000061,399.499,3600,60.0,20,1100000.0,400.5016282894325
8491,0.7571499999999993,23545.0,-100.0,0.0,0.0,0.022240000000001814,399.251,3600,60.0,20,1100000.0,400.75040513361273
8493,0.7643800000000011,23783.5,-90.0,0.0,0.0,0.022309999999999164,399.25,3600,60.0,20,1100000.0,400.75140889167193
8495,0.8398400000000006,24019.0,40.0,0.0,0.0,0.02785000000000082,399.5,3600,60.0,20,1100000.0,400.50062578222776
8497,0.8312800000000031,23636.75,40.0,0.0,0.0,0.02421999999999791,399.501,3600,60.0,20,1100000.0,400.4996232800419
8499,0.8362399999999983,23879.251,40.0,0.0,0.0,0.024499999999999744,399.25,3600,60.0,20,1100000.0,400.75140889167193
8500,3.00699,96332.99900000001,-90.0,0.0,0.0,2.266019999999997,72713.5,3600,60.0,20,1100000.0,2.2004167039133042
8502,0.7545199999999994,23752.0,-100.0,0.0,0.0,0.022769999999997736,399.251,3600,60.0,20,1100000.0,400.75040513361273
8504,0.7616499999999995,24007.0,-100.0,0.0,0.0,0.021940000000000737,397.751,3600,60.0,20,1100000.0,402.26171650102697
8510,0.9018900000000016,25436.0,40.0,0.0,0.0,0.06480999999999781,1422.5,3600,60.0,20,1100000.0,112.47803163444641
8512,0.7614900000000021,23673.75,-100.0,0.0,0.0,0.022789999999996983,399.0,3600,60.0,20,1100000.0,401.00250626566424
8514,0.8281099999999988,23891.001,40.0,0.0,0.0,0.0269900000000014,399.499,3600,60.0,20,1100000.0,400.5016282894325
8518,0.8262400000000021,23796.5,40.0,0.0,0.0,0.02449000000000013,399.25,3600,60.0,20,1100000.0,400.75140889167193
8520,0.7731500000000011,24104.001,-60.0,0.0,0.0,0.02876000000000545,516.5,3600,60.0,20,1100000.0,309.77734753146177
8524,0.8366399999999956,23957.0,40.0,0.0,0.0,0.027549999999997958,396.25,3600,60.0,20,1100000.0,403.78548895899047
8527,0.7027099999999997,18854.25,-60.0,0.0,0.0,0.4805799999999998,14980.5,3600,60.0,20,1100000.0,10.680551383465172
